[04May2026 01:28:13.293] [main/INFO] [cpw.mods.modlauncher.Launcher/MODLAUNCHER]: ModLauncher running: args [--launchTarget, forgeserver, --fml.forgeVersion, 47.4.16, --fml.mcVersion, 1.20.1, --fml.forgeGroup, net.minecraftforge, --fml.mcpVersion, 20230612.114412, nogui]
[04May2026 01:28:13.303] [main/INFO] [cpw.mods.modlauncher.Launcher/MODLAUNCHER]: ModLauncher 10.0.9+10.0.9+main.dcd20f30 starting: java version 17.0.18 by Ubuntu; OS Linux arch amd64 version 6.8.0-1044-azure
[04May2026 01:28:16.561] [main/INFO] [net.minecraftforge.fml.loading.ImmediateWindowHandler/]: ImmediateWindowProvider not loading because launch target is forgeserver
[04May2026 01:28:16.581] [main/WARN] [CrashAssistantJarInJarHelper/]: launchTarget: forgeserver. Crash Assistant is client only mod. Mod will do nothing!
[04May2026 01:28:16.689] [main/INFO] [mixin/]: SpongePowered MIXIN Subsystem Version=0.8.5 Source=union:/workspaces/Pruebas-extras/servidor_minecraft/libraries/org/spongepowered/mixin/0.8.5/mixin-0.8.5.jar%2363!/ Service=ModLauncher Env=SERVER
[04May2026 01:28:17.223] [main/WARN] [net.minecraftforge.fml.loading.moddiscovery.ModFileParser/LOADING]: Mod file /workspaces/Pruebas-extras/servidor_minecraft/libraries/net/minecraftforge/fmlcore/1.20.1-47.4.16/fmlcore-1.20.1-47.4.16.jar is missing mods.toml file
[04May2026 01:28:17.225] [main/WARN] [net.minecraftforge.fml.loading.moddiscovery.ModFileParser/LOADING]: Mod file /workspaces/Pruebas-extras/servidor_minecraft/libraries/net/minecraftforge/javafmllanguage/1.20.1-47.4.16/javafmllanguage-1.20.1-47.4.16.jar is missing mods.toml file
[04May2026 01:28:17.226] [main/WARN] [net.minecraftforge.fml.loading.moddiscovery.ModFileParser/LOADING]: Mod file /workspaces/Pruebas-extras/servidor_minecraft/libraries/net/minecraftforge/lowcodelanguage/1.20.1-47.4.16/lowcodelanguage-1.20.1-47.4.16.jar is missing mods.toml file
[04May2026 01:28:17.227] [main/WARN] [net.minecraftforge.fml.loading.moddiscovery.ModFileParser/LOADING]: Mod file /workspaces/Pruebas-extras/servidor_minecraft/libraries/net/minecraftforge/mclanguage/1.20.1-47.4.16/mclanguage-1.20.1-47.4.16.jar is missing mods.toml file
[04May2026 01:28:17.986] [main/WARN] [net.minecraftforge.jarjar.selection.JarSelector/]: Attempted to select a dependency jar for JarJar which was passed in as source: geckolib. Using Mod File: /workspaces/Pruebas-extras/servidor_minecraft/mods/geckolib-forge-1.20.1-4.8.3.jar
[04May2026 01:28:17.986] [main/INFO] [net.minecraftforge.fml.loading.moddiscovery.JarInJarDependencyLocator/]: Found 25 dependencies adding them to mods collection
[04May2026 01:28:22.360] [main/INFO] [mixin/]: Compatibility level set to JAVA_17
[04May2026 01:28:22.491] [main/ERROR] [mixin/]: Mixin config crashexploitfixer.mixins.json does not specify "minVersion" property
[04May2026 01:28:22.835] [main/INFO] [cpw.mods.modlauncher.LaunchServiceHandler/MODLAUNCHER]: Launching target 'forgeserver' with arguments [nogui]
[04May2026 01:28:23.022] [main/INFO] [ModernFix/]: Loaded configuration file for ModernFix 5.26.2+mc1.20.1: 98 options available, 0 override(s) found
[04May2026 01:28:23.023] [main/INFO] [ModernFix/]: Applying Nashorn fix
[04May2026 01:28:23.063] [main/INFO] [ModernFix/]: Applied Forge config corruption patch
[04May2026 01:28:23.215] [main/INFO] [one.pkg.config.SewliaConfig/]: All configurations saved
[04May2026 01:28:23.221] [main/INFO] [one.pkg.config.SewliaConfig/]: Reloaded configuration: ModConfig
[04May2026 01:28:23.221] [main/INFO] [one.pkg.config.SewliaConfig/]: Successfully initialized configuration manager, loaded 1 configuration classes
[04May2026 01:28:23.243] [main/WARN] [mixin/]: Reference map 'corpsecurioscompat.refmap.json' for gravestonecurioscompat.mixins.json could not be read. If this is a development environment you can ignore this message
[04May2026 01:28:23.332] [main/WARN] [mixin/]: Reference map 'smallships-forge-refmap.json' for smallships.mixins.json could not be read. If this is a development environment you can ignore this message
[04May2026 01:28:23.354] [main/WARN] [mixin/]: Reference map 'limitedchunks.refmap.json' for limitedchunks.mixins.json could not be read. If this is a development environment you can ignore this message
[04May2026 01:28:23.519] [main/WARN] [mixin/]: Reference map 'ars_artifice-refmap.json' for ars_artifice.mixins.json could not be read. If this is a development environment you can ignore this message
[04May2026 01:28:23.521] [main/WARN] [mixin/]: Reference map 'adamsarsplus.mixin-refmap.json' for adamsarsplus.mixins.json could not be read. If this is a development environment you can ignore this message
[04May2026 01:28:23.524] [main/WARN] [mixin/]: Reference map 'puzzlesaccessapi.common.refmap.json' for puzzlesaccessapi.common.mixins.json could not be read. If this is a development environment you can ignore this message
[04May2026 01:28:23.623] [main/WARN] [mixin/]: Reference map 'ars_creo.refmap.json' for ars_creo.mixins.json could not be read. If this is a development environment you can ignore this message
[04May2026 01:28:23.635] [main/WARN] [mixin/]: Reference map 'Create-The_Factory_Must_Grow.refmap.json' for tfmg.mixins.json could not be read. If this is a development environment you can ignore this message
[04May2026 01:28:23.709] [main/INFO] [Puzzles Lib/]: Loading 137 mods:
	- ad_astra 1.15.20
	- adamsarsplus 1.20.1-5.0.3
	- ae2 15.4.10
	- alexscaves 2.0.2
	- alexscavesbettercombat 1.0
	- alexsmobs 1.22.9
	- alltheleaks 1.1.1+1.20.1-forge
		\-- mixinsquared 0.3.6-beta.1
	- almostunified 1.20.1-0.11.0
	- alternate_current 1.7.0
	- appleskin 2.5.1+mc1.20.1
	- aquamirae 6.2.0
	- architectury 9.2.14
	- ars_artifice 1.20.1-2.0.4
	- ars_creo 4.3.0
	- ars_nouveau 4.12.7
	- artifacts 9.5.16
		\-- expandability 9.0.4
	- aso 0.1.0
	- attributefix 21.0.5
	- attributeslib 1.3.7
	- badoptimizations 2.4.1
	- baguettelib 1.1.6
	- balm 7.3.38
		\-- kuma_api 20.1.12
	- beefix 1.0.7
	- bettercombat 1.9.0+1.20.1
	- bocchium 1.20.1-0.0.3
	- bookshelf 20.2.15
	- botarium 2.3.4
	- cataclysm 3.26
	- chunksending 1.20.1-2.8
	- citadel 2.6.3
	- clientcrafting 1.20.1-1.9
	- cloth_config 11.1.136
	- clumps 12.0.0.4
	- connectivity 1.20.1-7.6
	- crash_assistant 1.11.3
	- crashexploitfixer 1.1.0
	- create 6.0.8
		\-- ponder 1.0.91
	- create_alexscaves_compat 1.5.1
	- create_new_age 1.1.7f+mc1.20.1
		\-- esl 1.1.3
	- create_tinkers_compat 1
	- createbetterpumps 0.0.2
	- createbigcannons 5.11.2
	- createnuclear 1.3.1
	- culllessleaves 1.20.1-1.0.5
	- cupboard 1.20.1-3.5
	- curios 5.14.1+1.20.1
	- defaultoptions 18.0.4
	- despawn_tweaker 1.20.1-1.0.0
	- deuf 1.20.1-1.3
	- farmersdelight 1.20.1-1.2.10
	- flib 0.0.15
	- forge 47.4.16
	- geckolib 4.8.3
	- glitchcore 0.0.1.1
	- gravestone 1.20.1-1.0.35
	- gravestonecurioscompat 3.0.0
	- guideme 20.1.14
	- idas 1.13.0+1.20.1
	- immersive_optimization 0.1.4
	- integrated_api 1.7.1+1.20.1-forge
	- integrated_stronghold 1.1.2+1.20.1-forge
	- integrated_villages 1.3.2+1.20.1-forge
	- jsonthings 0.9.11
	- kotlinforforge 4.12.0
	- krypton_fnp 0.2.28.2-1.20.1
	- limitedchunks 1.8
	- lionfishapi 2.4-Fix
	- lithostitched 1.4.11
	- lootintegrations 1.20.1-4.7
	- lootintegrations_integrated 1
	- lootr 0.7.35.94
	- mantle 1.11.104
	- maxhealthfix 12.0.4
	- memorysettings 1.20.1-5.9
	- metallictinkering 1.3.2
	- minecraft 1.20.1
	- modernfix 5.26.2+mc1.20.1
	- moonlight 1.20-2.16.28
	- mowziesmobs 1.7.3
	- nirvana 1.2.5
		|-- galena_hats 1.20.1-1.2.4
		|-- multikulti_core 1.20.1-1.1.5
		\-- multikulti_registrate 1.20.1-1.1.5
	- noisium 2.3.0+mc1.20-1.20.1
	- not_enough_glyphs 1.20.1-3.2.1.1
	- obscure_api 18
	- octolib 0.5.0.1
	- patchouli 1.20.1-85-FORGE
	- placebo 8.6.3
	- playeranimator 1.0.2-rc1+1.20
	- puffish_attributes 0.8.2
	- puffish_skills 0.17.3
	- puzzleslib 8.1.33
		\-- puzzlesaccessapi 20.1.1
	- pv_dav_ad_astra_structures 1.1
	- quark 4.0-462
	- railways 1.7.2+forge-mc1.20.1
	- relics 0.8.0.13
	- resourcefulconfig 2.1.3
	- resourcefullib 2.1.29
	- ritchiesprojectilelib 2.1.1
	- sajons_upgrades 1.0
	- sereneseasons 9.1.0.2
	- smallships 2.0.0-b1.4
	- sophisticatedbackpacks 3.24.29.1588
	- sophisticatedcore 1.3.8.1524
	- spark 1.10.53
	- stronger_skill_tree_for_pufferfishs_skills 1.0
	- structure_layout_optimizer 1.0.11
	- structureessentials 1.20.1-4.8
	- supplementaries 1.20-3.1.42
	- tcintegrations 2.0.25.19
	- tcompat 1.3.1
	- tconstruct 3.11.2.166
	- tectonic 3.0.17
	- terrablender 3.0.1.10
	- terralith 2.5.4
	- terralith_restoned 1.3
	- tfmg 1.0.2f
	- tinker_in_caves 1.0.4
	- tinker_rapier 1.0.1-1.20.1
	- tinkers_better_combat 1.8.6
	- tinkers_thinking 0.1.6.6
	- tinkersdelight 1.2.0
	- tinkersdiving 1.0.0.1
	- tinkersjewelry 1.2.0
	- toomanyglyphs 2.3.2.12345
	- tponder 1.1
		\-- flywheel 1.0.6-278
	- villagertools 1.0.3
	- waystones 14.1.20
	- zeta 1.0-31
[04May2026 01:28:23.850] [main/INFO] [com.cupboard.Cupboard/]: Loaded config for: structureessentials.json
[04May2026 01:28:23.986] [main/INFO] [net.minecraftforge.coremod.CoreMod.placebo/COREMODLOG]: Patching IForgeItemStack#getEnchantmentLevel
[04May2026 01:28:24.052] [main/INFO] [net.minecraftforge.coremod.CoreMod.placebo/COREMODLOG]: Patching IForgeItemStack#getEnchantmentLevel
[04May2026 01:28:24.524] [main/INFO] [KryptonFNP ModMixinBootstrap/]: Mixin one.pkg.kfnp.mixin.network.experimental.RconClientMixin disabled
[04May2026 01:28:24.525] [main/INFO] [KryptonFNP ModMixinBootstrap/]: Mixin one.pkg.kfnp.mixin.network.microopt.FriendlyByteBufUtfMixin enabled
[04May2026 01:28:24.525] [main/INFO] [KryptonFNP ModMixinBootstrap/]: Mixin one.pkg.kfnp.mixin.network.microopt.FriendlyByteBufVarIntMixin enabled
[04May2026 01:28:24.526] [main/INFO] [KryptonFNP ModMixinBootstrap/]: Mixin one.pkg.kfnp.mixin.network.microopt.FriendlyByteBufVarLongMixin enabled
[04May2026 01:28:24.526] [main/INFO] [KryptonFNP ModMixinBootstrap/]: Mixin one.pkg.kfnp.mixin.network.microopt.ServerEntityMixin enabled
[04May2026 01:28:24.527] [main/INFO] [KryptonFNP ModMixinBootstrap/]: Mixin one.pkg.kfnp.mixin.network.pipeline.LegacyQueryHandlerMixin enabled
[04May2026 01:28:24.527] [main/INFO] [KryptonFNP ModMixinBootstrap/]: Mixin one.pkg.kfnp.mixin.network.pipeline.Varint21FrameDecoderMixin enabled
[04May2026 01:28:24.528] [main/INFO] [KryptonFNP ModMixinBootstrap/]: Mixin one.pkg.kfnp.mixin.network.pipeline.compression.ConnectionMixin enabled
[04May2026 01:28:24.529] [main/INFO] [KryptonFNP ModMixinBootstrap/]: Mixin one.pkg.kfnp.mixin.network.pipeline.encryption.ConnectionMixin enabled
[04May2026 01:28:24.529] [main/INFO] [KryptonFNP ModMixinBootstrap/]: Mixin one.pkg.kfnp.mixin.network.pipeline.encryption.ServerLoginPacketListenerImplMixin enabled
[04May2026 01:28:24.615] [main/ERROR] [net.minecraftforge.fml.loading.RuntimeDistCleaner/DISTXFORM]: Attempted to load class net/minecraft/client/gui/screens/Screen for invalid dist DEDICATED_SERVER
[04May2026 01:28:24.618] [main/WARN] [mixin/]: Error loading class: net/minecraft/client/gui/screens/Screen (java.lang.RuntimeException: Attempted to load class net/minecraft/client/gui/screens/Screen for invalid dist DEDICATED_SERVER)
[04May2026 01:28:24.619] [main/WARN] [mixin/]: @Mixin target net.minecraft.client.gui.screens.Screen was not found relics.mixins.json:ScreenMixin
[04May2026 01:28:28.213] [main/INFO] [AllTheLeaks/]: Class dev.uncandango.alltheleaks.leaks.common.mods.zeta.Issue69 will be loaded as it matches versions: 1.0-31 in [1.0-19,)
[04May2026 01:28:28.213] [main/INFO] [AllTheLeaks/]: Mixins added to allowed list: [main.RecipeCrawlHandlerMixin]
[04May2026 01:28:28.213] [main/INFO] [AllTheLeaks/]: Class dev.uncandango.alltheleaks.leaks.common.mods.spark.Issue447 will be loaded as it matches versions: 1.10.53 in *
[04May2026 01:28:28.214] [main/INFO] [AllTheLeaks/]: Mixins added to allowed list: [main.ForgeServerSparkPluginMixin]
[04May2026 01:28:28.214] [main/INFO] [AllTheLeaks/]: Class dev.uncandango.alltheleaks.leaks.common.mods.smallships.UntrackedIssue001 will be loaded as it matches versions: 2.0.0-b1.4 in [2.0.0-b1.4,)
[04May2026 01:28:28.214] [main/INFO] [AllTheLeaks/]: Mixins added to allowed list: [main.ChunkMapMixin]
[04May2026 01:28:28.214] [main/INFO] [AllTheLeaks/]: Class dev.uncandango.alltheleaks.leaks.common.mods.sereneseasons.UntrackedIssue001 will be loaded as it matches versions: 9.1.0.2 in [9.1.0.0,)
[04May2026 01:28:28.215] [main/INFO] [AllTheLeaks/]: Class dev.uncandango.alltheleaks.leaks.common.mods.moonlight.UntrackedIssue001 will be loaded as it matches versions: 1.20-2.16.28 in [1.20-2.13.32,)
[04May2026 01:28:28.215] [main/INFO] [AllTheLeaks/]: Mixins added to allowed list: [main.FakeLevelManagerMixin]
[04May2026 01:28:28.216] [main/INFO] [AllTheLeaks/]: Class dev.uncandango.alltheleaks.leaks.common.mods.minecraft.UntrackedIssue002 will be loaded as it matches versions: 1.20.1 in 1.20.1
[04May2026 01:28:28.216] [main/INFO] [AllTheLeaks/]: Mixins added to allowed list: [main.EntityTickListMixin]
[04May2026 01:28:28.216] [main/INFO] [AllTheLeaks/]: Class dev.uncandango.alltheleaks.leaks.common.mods.minecraft.UntrackedIssue001 will be loaded as it matches versions: 1.20.1 in 1.20.1
[04May2026 01:28:28.217] [main/INFO] [AllTheLeaks/]: Class dev.uncandango.alltheleaks.leaks.common.mods.forge.UntrackedIssue002 will be loaded as it matches versions: 47.4.16 in [47.2,)
[04May2026 01:28:28.217] [main/INFO] [AllTheLeaks/]: Mixins added to allowed list: [accessor.FakePlayerNetHandlerAccessor, accessor.ConnectionAccessor]
[04May2026 01:28:28.217] [main/INFO] [AllTheLeaks/]: Class dev.uncandango.alltheleaks.leaks.common.mods.forge.UntrackedIssue001 will be loaded as it matches versions: 47.4.16 in [47.2,)
[04May2026 01:28:28.217] [main/INFO] [AllTheLeaks/]: Mixins added to allowed list: [main.ServerPlayerMixin, main.PlayerListMixin, accessor.PlayerAdvancementsAccessor]
[04May2026 01:28:28.217] [main/INFO] [AllTheLeaks/]: Class dev.uncandango.alltheleaks.leaks.common.mods.forge.Issue39 will be loaded as it matches versions: 47.4.16 in [47.2,)
[04May2026 01:28:28.217] [main/INFO] [AllTheLeaks/]: Class dev.uncandango.alltheleaks.leaks.common.mods.forge.Issue10684 will be loaded as it matches versions: 47.4.16 in *
[04May2026 01:28:28.218] [main/INFO] [AllTheLeaks/]: Class dev.uncandango.alltheleaks.leaks.common.mods.curios.UntrackedIssue001 will be loaded as it matches versions: 5.14.1+1.20.1 in [5.9.1,)
[04May2026 01:28:28.218] [main/INFO] [AllTheLeaks/]: Mixins added to allowed list: [main.CuriosEventHandlerMixin]
[04May2026 01:28:28.218] [main/INFO] [AllTheLeaks/]: Class dev.uncandango.alltheleaks.leaks.common.mods.create.UntrackedIssue001 will be loaded as it matches versions: 6.0.8 in [0.5.1.c,)
[04May2026 01:28:28.218] [main/INFO] [AllTheLeaks/]: Mixins added to allowed list: [accessor.ExtendoGripItemAccessor]
[04May2026 01:28:28.219] [main/INFO] [AllTheLeaks/]: Class dev.uncandango.alltheleaks.leaks.common.mods.citadel.UntrackedIssue001 will be loaded as it matches versions: 2.6.3 in [2.5.4,)
[04May2026 01:28:28.219] [main/INFO] [AllTheLeaks/]: Class dev.uncandango.alltheleaks.leaks.common.mods.ars_nouveau.UntrackedIssue003 will be loaded as it matches versions: 4.12.7 in *
[04May2026 01:28:28.219] [main/INFO] [AllTheLeaks/]: Mixins added to allowed list: [accessor.ConnectionAccessor]
[04May2026 01:28:28.220] [main/INFO] [AllTheLeaks/]: Class dev.uncandango.alltheleaks.leaks.common.mods.architectury.UntrackedIssue001 will be loaded as it matches versions: 9.2.14 in [9.0.8,)
[04May2026 01:28:28.220] [main/INFO] [AllTheLeaks/]: Class dev.uncandango.alltheleaks.leaks.common.mods.alexsmobs.Issue2165 will be loaded as it matches versions: 1.22.9 in [1.22.5,)
[04May2026 01:28:28.225] [main/INFO] [AllTheLeaks/]: Class dev.uncandango.alltheleaks.fix.common.mods.zeta.FixCopyStack will be loaded as it matches versions: 1.0-31 in *
[04May2026 01:28:28.225] [main/INFO] [AllTheLeaks/]: Mixins added to allowed list: [main.StackFixRecipeCrawlHandlerMixin]
[04May2026 01:28:28.225] [main/INFO] [AllTheLeaks/]: Class dev.uncandango.alltheleaks.fix.common.mods.modernfix.CancelRLMixin will be loaded as it matches versions: 5.26.2+mc1.20.1 in [5.0.0,)
[04May2026 01:28:28.226] [main/INFO] [AllTheLeaks/]: Mixins added to cancel list: [org.embeddedt.modernfix.common.mixin.perf.deduplicate_location.MixinResourceLocation]
[04May2026 01:28:28.232] [main/INFO] [AllTheLeaks/]: Class dev.uncandango.alltheleaks.feature.common.mods.minecraft.MemoryMonitor will be loaded as it matches versions: 1.20.1 in 1.20.1
[04May2026 01:28:28.232] [main/INFO] [AllTheLeaks/]: Mixins added to allowed list: [main.PlayerMixin, main.ChunkAccessMixin, main.LevelMixin, main.MinecraftServerMixin]
[04May2026 01:28:28.233] [main/INFO] [AllTheLeaks/]: Class dev.uncandango.alltheleaks.feature.common.mods.minecraft.ClearLeakedLevelChunks will be loaded as it matches versions: 1.20.1 in 1.20.1
[04May2026 01:28:28.233] [main/INFO] [AllTheLeaks/]: Mixins added to allowed list: [accessor.LevelAccessor, main.RebindableTickingBlockEntityWrapperMixin, accessor.LevelChunkAccessor]
[04May2026 01:28:28.394] [main/WARN] [mixin/]: Error loading class: xfacthd/framedblocks/common/blockentity/doubled/FramedAdjustableDoubleBlockEntity (java.lang.ClassNotFoundException: xfacthd.framedblocks.common.blockentity.doubled.FramedAdjustableDoubleBlockEntity)
[04May2026 01:28:28.394] [main/WARN] [mixin/]: @Mixin target xfacthd.framedblocks.common.blockentity.doubled.FramedAdjustableDoubleBlockEntity was not found createbigcannons.mixins.json:compat.FramedAdjustableDoubleBlockEntityAccessor
[04May2026 01:28:28.693] [main/WARN] [mixin/]: Error loading class: com/mojang/blaze3d/platform/InputConstants$Key (java.lang.ClassNotFoundException: com.mojang.blaze3d.platform.InputConstants$Key)
[04May2026 01:28:28.854] [main/INFO] [MixinExtras|Service/]: Initializing MixinExtras via com.llamalad7.mixinextras.service.MixinExtrasServiceImpl(version=0.5.3).
[04May2026 01:28:29.283] [main/WARN] [net.minecraft.SystemReport/]: Failed retrieving info for group hardware
java.lang.NoClassDefFoundError: com/sun/jna/Platform
	at oshi.SystemInfo.<clinit>(SystemInfo.java:60) ~[oshi-core-6.2.2.jar%2369!/:6.2.2]
	at net.minecraft.SystemReport.m_143564_(SystemReport.java:52) ~[server-1.20.1-20230612.114412-srg.jar%23350!/:?]
	at net.minecraft.SystemReport.m_143516_(SystemReport.java:82) ~[server-1.20.1-20230612.114412-srg.jar%23350!/:?]
	at net.minecraft.SystemReport.<init>(SystemReport.java:52) ~[server-1.20.1-20230612.114412-srg.jar%23350!/:?]
	at net.minecraft.CrashReport.<init>(CrashReport.java:31) ~[server-1.20.1-20230612.114412-srg.jar%23350!/:?]
	at net.minecraft.CrashReport.m_127529_(CrashReport.java:216) ~[server-1.20.1-20230612.114412-srg.jar%23350!/:?]
	at net.minecraft.server.Main.main(Main.java:116) ~[server-1.20.1-20230612.114412-srg.jar%23350!/:?]
	at jdk.internal.reflect.NativeMethodAccessorImpl.invoke0(Native Method) ~[?:?]
	at jdk.internal.reflect.NativeMethodAccessorImpl.invoke(NativeMethodAccessorImpl.java:77) ~[?:?]
	at jdk.internal.reflect.DelegatingMethodAccessorImpl.invoke(DelegatingMethodAccessorImpl.java:43) ~[?:?]
	at java.lang.reflect.Method.invoke(Method.java:569) ~[?:?]
	at net.minecraftforge.fml.loading.targets.CommonLaunchHandler.runTarget(CommonLaunchHandler.java:111) ~[fmlloader-1.20.1-47.4.16.jar%2367!/:?]
	at net.minecraftforge.fml.loading.targets.CommonLaunchHandler.serverService(CommonLaunchHandler.java:103) ~[fmlloader-1.20.1-47.4.16.jar%2367!/:?]
	at net.minecraftforge.fml.loading.targets.CommonServerLaunchHandler.lambda$makeService$0(CommonServerLaunchHandler.java:27) ~[fmlloader-1.20.1-47.4.16.jar%2367!/:?]
	at cpw.mods.modlauncher.LaunchServiceHandlerDecorator.launch(LaunchServiceHandlerDecorator.java:30) ~[modlauncher-10.0.9.jar%2353!/:?]
	at cpw.mods.modlauncher.LaunchServiceHandler.launch(LaunchServiceHandler.java:53) ~[modlauncher-10.0.9.jar%2353!/:?]
	at cpw.mods.modlauncher.LaunchServiceHandler.launch(LaunchServiceHandler.java:71) ~[modlauncher-10.0.9.jar%2353!/:?]
	at cpw.mods.modlauncher.Launcher.run(Launcher.java:108) ~[modlauncher-10.0.9.jar%2353!/:?]
	at cpw.mods.modlauncher.Launcher.main(Launcher.java:78) ~[modlauncher-10.0.9.jar%2353!/:?]
	at cpw.mods.modlauncher.BootstrapLaunchConsumer.accept(BootstrapLaunchConsumer.java:26) ~[modlauncher-10.0.9.jar%2353!/:?]
	at cpw.mods.modlauncher.BootstrapLaunchConsumer.accept(BootstrapLaunchConsumer.java:23) ~[modlauncher-10.0.9.jar%2353!/:?]
	at cpw.mods.bootstraplauncher.BootstrapLauncher.main(BootstrapLauncher.java:141) ~[bootstraplauncher-1.1.2.jar:?]
Caused by: java.lang.ClassNotFoundException: com.sun.jna.Platform
	at jdk.internal.loader.BuiltinClassLoader.loadClass(BuiltinClassLoader.java:641) ~[?:?]
	at java.lang.ClassLoader.loadClass(ClassLoader.java:525) ~[?:?]
	at cpw.mods.cl.ModuleClassLoader.loadClass(ModuleClassLoader.java:137) ~[securejarhandler-2.1.10.jar:?]
	at java.lang.ClassLoader.loadClass(ClassLoader.java:525) ~[?:?]
	... 22 more
[04May2026 01:28:29.366] [main/INFO] [net.minecraft.server.Bootstrap/]: ModernFix reached bootstrap stage (20.04 s after launch)
[04May2026 01:28:29.525] [main/WARN] [mixin/]: @Final field delegatesByName:Ljava/util/Map; in modernfix-modernfix.mixins.json:perf.forge_registry_alloc.ForgeRegistryMixin should be final
[04May2026 01:28:29.526] [main/WARN] [mixin/]: @Final field delegatesByValue:Ljava/util/Map; in modernfix-modernfix.mixins.json:perf.forge_registry_alloc.ForgeRegistryMixin should be final
[04May2026 01:28:29.593] [main/INFO] [net.minecraftforge.coremod.CoreMod.placebo/COREMODLOG]: Patching IForgeItemStack#getEnchantmentLevel
[04May2026 01:28:29.594] [main/INFO] [net.minecraftforge.coremod.CoreMod.placebo/COREMODLOG]: Patching IForgeItemStack#getEnchantmentLevel
[04May2026 01:28:31.229] [main/INFO] [net.minecraft.server.Bootstrap/]: Vanilla bootstrap took 1860 milliseconds
[04May2026 01:28:32.183] [main/INFO] [net.minecraftforge.coremod.CoreMod.placebo/COREMODLOG]: Patching IForgeItemStack#getEnchantmentLevel
[04May2026 01:28:32.183] [main/INFO] [net.minecraftforge.coremod.CoreMod.placebo/COREMODLOG]: Patching IForgeItemStack#getEnchantmentLevel
[04May2026 01:28:34.550] [main/WARN] [mixin/]: Mixin alexscaves.mixins.json:SwampHutPieceMixin has multiple constructors, (Lnet/minecraft/world/level/levelgen/structure/pieces/StructurePieceType;IIIIIILnet/minecraft/core/Direction;)V was selected

[04May2026 01:28:34.707] [main/WARN] [mixin/]: Static binding violation: PRIVATE @Overwrite method m_47505_ in modernfix-modernfix.mixins.json:perf.remove_biome_temperature_cache.BiomeMixin cannot reduce visibiliy of PUBLIC target method, visibility will be upgraded.
[04May2026 01:28:35.472] [modloading-worker-0/INFO] [Tinkers' Ponder/]: Tinker's Ponder has loaded!.
[04May2026 01:28:35.561] [modloading-worker-0/WARN] [one.pkg.kfnp.shared.ModSharedBootstrap/]: ================= KRYPTON FNP =================
[04May2026 01:28:35.563] [modloading-worker-0/WARN] [one.pkg.kfnp.shared.ModSharedBootstrap/]: Do not send messages about your game malfunctioning due to KryptonFNP in places the author cannot see.
[04May2026 01:28:35.563] [modloading-worker-0/WARN] [one.pkg.kfnp.shared.ModSharedBootstrap/]: The author is unaware of this bug and therefore cannot fix it!
[04May2026 01:28:35.564] [modloading-worker-0/WARN] [one.pkg.kfnp.shared.ModSharedBootstrap/]: Please send feedback via CurseForge, Github, or Discord so the author can quickly locate the issue!
[04May2026 01:28:35.565] [modloading-worker-0/WARN] [one.pkg.kfnp.shared.ModSharedBootstrap/]: ===============================================
[04May2026 01:28:35.565] [modloading-worker-0/INFO] [one.pkg.kfnp.shared.ModSharedBootstrap/]: Krypton is now accelerating your Minecraft server's networking stack 🚀
[04May2026 01:28:35.574] [modloading-worker-0/INFO] [MaxHealthFix/]: Loaded maxhealthfix for Forge.
[04May2026 01:28:35.575] [modloading-worker-0/INFO] [com.leclowndu93150.corpsecurioscompat.Main/]: Hello from Gravestone Curios Compat!
[04May2026 01:28:35.645] [modloading-worker-0/INFO] [Bookshelf/]: Fixing MC-151457. Crafting remainder for minecraft:pufferfish_bucket is now minecraft:bucket.
[04May2026 01:28:35.645] [modloading-worker-0/INFO] [Bookshelf/]: Fixing MC-151457. Crafting remainder for minecraft:salmon_bucket is now minecraft:bucket.
[04May2026 01:28:35.645] [modloading-worker-0/INFO] [Bookshelf/]: Fixing MC-151457. Crafting remainder for minecraft:cod_bucket is now minecraft:bucket.
[04May2026 01:28:35.645] [modloading-worker-0/INFO] [Bookshelf/]: Fixing MC-151457. Crafting remainder for minecraft:tropical_fish_bucket is now minecraft:bucket.
[04May2026 01:28:35.645] [modloading-worker-0/INFO] [Bookshelf/]: Fixing MC-151457. Crafting remainder for minecraft:axolotl_bucket is now minecraft:bucket.
[04May2026 01:28:35.646] [modloading-worker-0/INFO] [Bookshelf/]: Fixing MC-151457. Crafting remainder for minecraft:powder_snow_bucket is now minecraft:bucket.
[04May2026 01:28:35.646] [modloading-worker-0/INFO] [Bookshelf/]: Fixing MC-151457. Crafting remainder for minecraft:tadpole_bucket is now minecraft:bucket.
[04May2026 01:28:35.705] [modloading-worker-0/INFO] [one.pkg.kfnp.shared.ModSharedBootstrap/]: Compression will use libdeflate (Linux x86_64), encryption will use OpenSSL 3.x.x (Linux x86_64)
[04May2026 01:28:35.909] [modloading-worker-0/INFO] [Railways/]: Steam 'n' Rails v1.7.2 initializing! Commit hash: 7c1a21e3a4edbd6b5f1301f82a8bfbeb5fdb1444 on Create version: 6.0.8 on platform: Forge
[04May2026 01:28:35.931] [modloading-worker-0/INFO] [org.antarcticgardens.cna.CreateNewAge/]: Hello 1.20.1 Create!
[04May2026 01:28:36.141] [modloading-worker-0/INFO] [com.cupboard.Cupboard/]: Loaded config for: memorysettings.json
[04May2026 01:28:36.145] [modloading-worker-0/WARN] [com.memorysettings.config.CommonConfiguration/]: You have more memory allocated(12288mb) than recommended for this pack, the maximum is: 8500mb.
The recommended amount for your system is: 6998 mb.

[04May2026 01:28:36.224] [modloading-worker-0/ERROR] [net.minecraftforge.fml.loading.RuntimeDistCleaner/DISTXFORM]: Attempted to load class org/antarcticgardens/cna/CreateNewAgeClientForge for invalid dist DEDICATED_SERVER
[04May2026 01:28:36.224] [modloading-worker-0/INFO] [org.antarcticgardens.cna.CreateNewAge/]: Running in dedicated server
[04May2026 01:28:36.242] [modloading-worker-0/INFO] [noisium/]: Loading Noisium.
[04May2026 01:28:36.324] [modloading-worker-0/INFO] [com.cupboard.Cupboard/]: Loaded config for: cupboard.json
[04May2026 01:28:36.327] [modloading-worker-0/INFO] [dev.architectury.networking.forge.NetworkManagerImpl/]: Registering C2S receiver with id architectury:sync_ids
[04May2026 01:28:36.404] [modloading-worker-0/INFO] [net.nuclearteam.createnuclear.CreateNuclear/]: createnuclear 6.0.8 initializing! Commit hash: 1a1a9a2819b4f89f78caec41b55ed8cb222fa24b
[04May2026 01:28:36.407] [modloading-worker-0/INFO] [net.nuclearteam.createnuclear.CreateNuclear/]: Registering mod tags for createnuclear
[04May2026 01:28:36.454] [modloading-worker-0/INFO] [net.nuclearteam.createnuclear.CreateNuclear/]: Registering ModBlocks for createnuclear
[04May2026 01:28:36.813] [modloading-worker-0/INFO] [net.blay09.mods.balm.forge.config.ForgeBalmConfig/]: Registering config for waystones:common (COMMON) with 46 properties.
[04May2026 01:28:37.046] [modloading-worker-0/INFO] [dev.architectury.networking.forge.NetworkManagerImpl/]: Registering C2S receiver with id artifacts:networking_channel/42a7ad70b1cc371599a0eff744096b8a
[04May2026 01:28:37.047] [modloading-worker-0/INFO] [dev.architectury.networking.forge.NetworkManagerImpl/]: Registering C2S receiver with id artifacts:networking_channel/74a5e841822a3a87854ae896a33430d6
[04May2026 01:28:37.048] [modloading-worker-0/INFO] [dev.architectury.networking.forge.NetworkManagerImpl/]: Registering C2S receiver with id artifacts:networking_channel/eb3d1e2748533430848cadf0f37c7e9c
[04May2026 01:28:37.049] [modloading-worker-0/INFO] [dev.architectury.networking.forge.NetworkManagerImpl/]: Registering C2S receiver with id artifacts:networking_channel/91c8520f19f93b3e8b6a727568e194ab
[04May2026 01:28:37.052] [modloading-worker-0/INFO] [dev.architectury.networking.forge.NetworkManagerImpl/]: Registering C2S receiver with id artifacts:networking_channel/8c2784d778293fd482ed84b8aa5fedb9
[04May2026 01:28:37.053] [modloading-worker-0/INFO] [dev.architectury.networking.forge.NetworkManagerImpl/]: Registering C2S receiver with id artifacts:networking_channel/ea038224ea783d40b2863f52239e2604
[04May2026 01:28:37.055] [modloading-worker-0/INFO] [dev.architectury.networking.forge.NetworkManagerImpl/]: Registering C2S receiver with id artifacts:networking_channel/97ad64b7ecaf33209991c4f031501a58
[04May2026 01:28:37.282] [modloading-worker-0/INFO] [net.minecraftforge.common.ForgeMod/FORGEMOD]: Forge mod loading, version 47.4.16, for MC 1.20.1 with MCP 20230612.114412
[04May2026 01:28:37.282] [modloading-worker-0/INFO] [net.minecraftforge.common.MinecraftForge/FORGE]: MinecraftForge v47.4.16 Initialized
[04May2026 01:28:37.651] [modloading-worker-0/INFO] [STDOUT/]: [net.denmoth.aso.ASO:<init>:11]: [ASO] Ad Astra: Structures Overhaul loaded!
[04May2026 01:28:38.059] [modloading-worker-0/INFO] [Railways/]: Registered bogey styles from railways
[04May2026 01:28:38.683] [modloading-worker-0/WARN] [mixin/]: @Inject(@At("INVOKE")) Shift.BY=2 on tinkers_thinking.mixins.json:CastingBlockEntityMixin::handler$ble000$serverTick exceeds the maximum allowed value: 0. Increase the value of maxShiftBy to suppress this warning.
[04May2026 01:28:38.683] [modloading-worker-0/WARN] [mixin/]: @Inject(@At("INVOKE")) Shift.BY=1 on tinkers_thinking.mixins.json:CastingBlockEntityMixin::handler$ble000$clientTick exceeds the maximum allowed value: 0. Increase the value of maxShiftBy to suppress this warning.
[04May2026 01:28:38.707] [modloading-worker-0/INFO] [Railways/]: Registering data fixers
[04May2026 01:28:38.881] [modloading-worker-0/INFO] [ModernFix/]: Bypassed Mojang DFU
[04May2026 01:28:38.883] [modloading-worker-0/INFO] [ModernFix/]: Instantiating Mojang DFU
[04May2026 01:28:38.934] [modloading-worker-0/INFO] [com.simibubi.create.Create/]: Create 6.0.8 initializing! Commit hash: 1a1a9a2819b4f89f78caec41b55ed8cb222fa24b
[04May2026 01:28:39.495] [modloading-worker-0/INFO] [thedarkcolour.kotlinforforge.test.KotlinForForge/]: Kotlin For Forge Enabled!
[04May2026 01:28:39.508] [modloading-worker-0/INFO] [com.drmangotea.tfmg.TFMG/]: [TFMG] Initializing core systems...
[04May2026 01:28:39.519] [modloading-worker-0/INFO] [com.drmangotea.tfmg.TFMG/]: [TFMG] Registering content...
[04May2026 01:28:39.977] [modloading-worker-0/INFO] [com.mojang.datafixers.DataFixerBuilder/]: 0 Datafixer optimizations took 0 milliseconds
[04May2026 01:28:39.979] [modloading-worker-0/INFO] [Railways/MultiRegistryCallback/]: Registering callback for create:track_signal in minecraft:block_entity_type
[04May2026 01:28:39.980] [modloading-worker-0/INFO] [Railways/MultiRegistryCallback/]: Registering callback for railways:track_signal_source in create:display_source
[04May2026 01:28:39.980] [modloading-worker-0/INFO] [Railways/MultiRegistryCallback/]: Registering callback for create:copycat in minecraft:block_entity_type
[04May2026 01:28:39.980] [modloading-worker-0/INFO] [Railways/MultiRegistryCallback/]: Registering callback for railways:conductor_vent in minecraft:block
[04May2026 01:28:39.981] [modloading-worker-0/INFO] [Railways/MultiRegistryCallback/]: Registering callback for create:flywheel in minecraft:block_entity_type
[04May2026 01:28:39.981] [modloading-worker-0/INFO] [Railways/MultiRegistryCallback/]: Registering callback for railways:locometal_flywheel in minecraft:block
[04May2026 01:28:39.981] [modloading-worker-0/INFO] [Railways/MultiRegistryCallback/]: Registering callback for create:sliding_door in minecraft:block_entity_type
[04May2026 01:28:39.981] [modloading-worker-0/INFO] [Railways/MultiRegistryCallback/]: Registering callback for railways:sliding_locometal_door in minecraft:block
[04May2026 01:28:39.981] [modloading-worker-0/INFO] [Railways/MultiRegistryCallback/]: Registering callback for create:sliding_door in minecraft:block_entity_type
[04May2026 01:28:39.981] [modloading-worker-0/INFO] [Railways/MultiRegistryCallback/]: Registering callback for railways:folding_locometal_door in minecraft:block
[04May2026 01:28:39.981] [modloading-worker-0/INFO] [Railways/MultiRegistryCallback/]: Registering callback for create:flywheel in minecraft:block_entity_type
[04May2026 01:28:39.982] [modloading-worker-0/INFO] [Railways/MultiRegistryCallback/]: Registering callback for railways:brown_locometal_flywheel in minecraft:block
[04May2026 01:28:39.982] [modloading-worker-0/INFO] [Railways/MultiRegistryCallback/]: Registering callback for create:sliding_door in minecraft:block_entity_type
[04May2026 01:28:39.982] [modloading-worker-0/INFO] [Railways/MultiRegistryCallback/]: Registering callback for railways:brown_sliding_locometal_door in minecraft:block
[04May2026 01:28:39.982] [modloading-worker-0/INFO] [Railways/MultiRegistryCallback/]: Registering callback for create:sliding_door in minecraft:block_entity_type
[04May2026 01:28:39.982] [modloading-worker-0/INFO] [Railways/MultiRegistryCallback/]: Registering callback for railways:brown_folding_locometal_door in minecraft:block
[04May2026 01:28:39.982] [modloading-worker-0/INFO] [Railways/MultiRegistryCallback/]: Registering callback for create:flywheel in minecraft:block_entity_type
[04May2026 01:28:39.982] [modloading-worker-0/INFO] [Railways/MultiRegistryCallback/]: Registering callback for railways:maroon_locometal_flywheel in minecraft:block
[04May2026 01:28:39.982] [modloading-worker-0/INFO] [Railways/MultiRegistryCallback/]: Registering callback for create:sliding_door in minecraft:block_entity_type
[04May2026 01:28:39.983] [modloading-worker-0/INFO] [Railways/MultiRegistryCallback/]: Registering callback for railways:maroon_sliding_locometal_door in minecraft:block
[04May2026 01:28:39.983] [modloading-worker-0/INFO] [Railways/MultiRegistryCallback/]: Registering callback for create:sliding_door in minecraft:block_entity_type
[04May2026 01:28:39.983] [modloading-worker-0/INFO] [Railways/MultiRegistryCallback/]: Registering callback for railways:maroon_folding_locometal_door in minecraft:block
[04May2026 01:28:39.983] [modloading-worker-0/INFO] [Railways/MultiRegistryCallback/]: Registering callback for create:flywheel in minecraft:block_entity_type
[04May2026 01:28:39.983] [modloading-worker-0/INFO] [Railways/MultiRegistryCallback/]: Registering callback for railways:red_locometal_flywheel in minecraft:block
[04May2026 01:28:39.983] [modloading-worker-0/INFO] [Railways/MultiRegistryCallback/]: Registering callback for create:sliding_door in minecraft:block_entity_type
[04May2026 01:28:39.983] [modloading-worker-0/INFO] [Railways/MultiRegistryCallback/]: Registering callback for railways:red_sliding_locometal_door in minecraft:block
[04May2026 01:28:39.983] [modloading-worker-0/INFO] [Railways/MultiRegistryCallback/]: Registering callback for create:sliding_door in minecraft:block_entity_type
[04May2026 01:28:39.984] [modloading-worker-0/INFO] [Railways/MultiRegistryCallback/]: Registering callback for railways:red_folding_locometal_door in minecraft:block
[04May2026 01:28:39.984] [modloading-worker-0/INFO] [Railways/MultiRegistryCallback/]: Registering callback for create:flywheel in minecraft:block_entity_type
[04May2026 01:28:39.984] [modloading-worker-0/INFO] [Railways/MultiRegistryCallback/]: Registering callback for railways:vermilion_locometal_flywheel in minecraft:block
[04May2026 01:28:39.984] [modloading-worker-0/INFO] [Railways/MultiRegistryCallback/]: Registering callback for create:sliding_door in minecraft:block_entity_type
[04May2026 01:28:39.984] [modloading-worker-0/INFO] [Railways/MultiRegistryCallback/]: Registering callback for railways:vermilion_sliding_locometal_door in minecraft:block
[04May2026 01:28:39.984] [modloading-worker-0/INFO] [Railways/MultiRegistryCallback/]: Registering callback for create:sliding_door in minecraft:block_entity_type
[04May2026 01:28:39.984] [modloading-worker-0/INFO] [Railways/MultiRegistryCallback/]: Registering callback for railways:vermilion_folding_locometal_door in minecraft:block
[04May2026 01:28:39.984] [modloading-worker-0/INFO] [Railways/MultiRegistryCallback/]: Registering callback for create:flywheel in minecraft:block_entity_type
[04May2026 01:28:39.984] [modloading-worker-0/INFO] [Railways/MultiRegistryCallback/]: Registering callback for railways:orange_locometal_flywheel in minecraft:block
[04May2026 01:28:39.984] [modloading-worker-0/INFO] [Railways/MultiRegistryCallback/]: Registering callback for create:sliding_door in minecraft:block_entity_type
[04May2026 01:28:39.985] [modloading-worker-0/INFO] [Railways/MultiRegistryCallback/]: Registering callback for railways:orange_sliding_locometal_door in minecraft:block
[04May2026 01:28:39.985] [modloading-worker-0/INFO] [Railways/MultiRegistryCallback/]: Registering callback for create:sliding_door in minecraft:block_entity_type
[04May2026 01:28:39.985] [modloading-worker-0/INFO] [Railways/MultiRegistryCallback/]: Registering callback for railways:orange_folding_locometal_door in minecraft:block
[04May2026 01:28:39.985] [modloading-worker-0/INFO] [Railways/MultiRegistryCallback/]: Registering callback for create:flywheel in minecraft:block_entity_type
[04May2026 01:28:39.985] [modloading-worker-0/INFO] [Railways/MultiRegistryCallback/]: Registering callback for railways:granite_locometal_flywheel in minecraft:block
[04May2026 01:28:39.985] [modloading-worker-0/INFO] [Railways/MultiRegistryCallback/]: Registering callback for create:sliding_door in minecraft:block_entity_type
[04May2026 01:28:39.985] [modloading-worker-0/INFO] [Railways/MultiRegistryCallback/]: Registering callback for railways:granite_sliding_locometal_door in minecraft:block
[04May2026 01:28:39.985] [modloading-worker-0/INFO] [Railways/MultiRegistryCallback/]: Registering callback for create:sliding_door in minecraft:block_entity_type
[04May2026 01:28:39.985] [modloading-worker-0/INFO] [Railways/MultiRegistryCallback/]: Registering callback for railways:granite_folding_locometal_door in minecraft:block
[04May2026 01:28:39.986] [modloading-worker-0/INFO] [Railways/MultiRegistryCallback/]: Registering callback for create:flywheel in minecraft:block_entity_type
[04May2026 01:28:39.986] [modloading-worker-0/INFO] [Railways/MultiRegistryCallback/]: Registering callback for railways:dripstone_locometal_flywheel in minecraft:block
[04May2026 01:28:39.986] [modloading-worker-0/INFO] [Railways/MultiRegistryCallback/]: Registering callback for create:sliding_door in minecraft:block_entity_type
[04May2026 01:28:39.986] [modloading-worker-0/INFO] [Railways/MultiRegistryCallback/]: Registering callback for railways:dripstone_sliding_locometal_door in minecraft:block
[04May2026 01:28:39.986] [modloading-worker-0/INFO] [Railways/MultiRegistryCallback/]: Registering callback for create:sliding_door in minecraft:block_entity_type
[04May2026 01:28:39.986] [modloading-worker-0/INFO] [Railways/MultiRegistryCallback/]: Registering callback for railways:dripstone_folding_locometal_door in minecraft:block
[04May2026 01:28:39.986] [modloading-worker-0/INFO] [Railways/MultiRegistryCallback/]: Registering callback for create:flywheel in minecraft:block_entity_type
[04May2026 01:28:39.986] [modloading-worker-0/INFO] [Railways/MultiRegistryCallback/]: Registering callback for railways:ochrum_locometal_flywheel in minecraft:block
[04May2026 01:28:39.986] [modloading-worker-0/INFO] [Railways/MultiRegistryCallback/]: Registering callback for create:sliding_door in minecraft:block_entity_type
[04May2026 01:28:39.988] [modloading-worker-0/INFO] [Railways/MultiRegistryCallback/]: Registering callback for railways:ochrum_sliding_locometal_door in minecraft:block
[04May2026 01:28:39.988] [modloading-worker-0/INFO] [Railways/MultiRegistryCallback/]: Registering callback for create:sliding_door in minecraft:block_entity_type
[04May2026 01:28:39.988] [modloading-worker-0/INFO] [Railways/MultiRegistryCallback/]: Registering callback for railways:ochrum_folding_locometal_door in minecraft:block
[04May2026 01:28:39.988] [modloading-worker-0/INFO] [Railways/MultiRegistryCallback/]: Registering callback for create:flywheel in minecraft:block_entity_type
[04May2026 01:28:39.988] [modloading-worker-0/INFO] [Railways/MultiRegistryCallback/]: Registering callback for railways:yellow_locometal_flywheel in minecraft:block
[04May2026 01:28:39.988] [modloading-worker-0/INFO] [Railways/MultiRegistryCallback/]: Registering callback for create:sliding_door in minecraft:block_entity_type
[04May2026 01:28:39.988] [modloading-worker-0/INFO] [Railways/MultiRegistryCallback/]: Registering callback for railways:yellow_sliding_locometal_door in minecraft:block
[04May2026 01:28:39.989] [modloading-worker-0/INFO] [Railways/MultiRegistryCallback/]: Registering callback for create:sliding_door in minecraft:block_entity_type
[04May2026 01:28:39.989] [modloading-worker-0/INFO] [Railways/MultiRegistryCallback/]: Registering callback for railways:yellow_folding_locometal_door in minecraft:block
[04May2026 01:28:39.989] [modloading-worker-0/INFO] [Railways/MultiRegistryCallback/]: Registering callback for create:flywheel in minecraft:block_entity_type
[04May2026 01:28:39.989] [modloading-worker-0/INFO] [Railways/MultiRegistryCallback/]: Registering callback for railways:chartreuse_locometal_flywheel in minecraft:block
[04May2026 01:28:39.989] [modloading-worker-0/INFO] [Railways/MultiRegistryCallback/]: Registering callback for create:sliding_door in minecraft:block_entity_type
[04May2026 01:28:39.989] [modloading-worker-0/INFO] [Railways/MultiRegistryCallback/]: Registering callback for railways:chartreuse_sliding_locometal_door in minecraft:block
[04May2026 01:28:39.989] [modloading-worker-0/INFO] [Railways/MultiRegistryCallback/]: Registering callback for create:sliding_door in minecraft:block_entity_type
[04May2026 01:28:39.989] [modloading-worker-0/INFO] [Railways/MultiRegistryCallback/]: Registering callback for railways:chartreuse_folding_locometal_door in minecraft:block
[04May2026 01:28:39.989] [modloading-worker-0/INFO] [Railways/MultiRegistryCallback/]: Registering callback for create:flywheel in minecraft:block_entity_type
[04May2026 01:28:39.989] [modloading-worker-0/INFO] [Railways/MultiRegistryCallback/]: Registering callback for railways:olive_green_locometal_flywheel in minecraft:block
[04May2026 01:28:39.989] [modloading-worker-0/INFO] [Railways/MultiRegistryCallback/]: Registering callback for create:sliding_door in minecraft:block_entity_type
[04May2026 01:28:39.990] [modloading-worker-0/INFO] [Railways/MultiRegistryCallback/]: Registering callback for railways:olive_green_sliding_locometal_door in minecraft:block
[04May2026 01:28:39.990] [modloading-worker-0/INFO] [Railways/MultiRegistryCallback/]: Registering callback for create:sliding_door in minecraft:block_entity_type
[04May2026 01:28:39.990] [modloading-worker-0/INFO] [Railways/MultiRegistryCallback/]: Registering callback for railways:olive_green_folding_locometal_door in minecraft:block
[04May2026 01:28:39.990] [modloading-worker-0/INFO] [Railways/MultiRegistryCallback/]: Registering callback for create:flywheel in minecraft:block_entity_type
[04May2026 01:28:39.990] [modloading-worker-0/INFO] [Railways/MultiRegistryCallback/]: Registering callback for railways:lime_locometal_flywheel in minecraft:block
[04May2026 01:28:39.990] [modloading-worker-0/INFO] [Railways/MultiRegistryCallback/]: Registering callback for create:sliding_door in minecraft:block_entity_type
[04May2026 01:28:39.990] [modloading-worker-0/INFO] [Railways/MultiRegistryCallback/]: Registering callback for railways:lime_sliding_locometal_door in minecraft:block
[04May2026 01:28:39.990] [modloading-worker-0/INFO] [Railways/MultiRegistryCallback/]: Registering callback for create:sliding_door in minecraft:block_entity_type
[04May2026 01:28:39.990] [modloading-worker-0/INFO] [Railways/MultiRegistryCallback/]: Registering callback for railways:lime_folding_locometal_door in minecraft:block
[04May2026 01:28:39.990] [modloading-worker-0/INFO] [Railways/MultiRegistryCallback/]: Registering callback for create:flywheel in minecraft:block_entity_type
[04May2026 01:28:39.990] [modloading-worker-0/INFO] [Railways/MultiRegistryCallback/]: Registering callback for railways:green_locometal_flywheel in minecraft:block
[04May2026 01:28:39.991] [modloading-worker-0/INFO] [Railways/MultiRegistryCallback/]: Registering callback for create:sliding_door in minecraft:block_entity_type
[04May2026 01:28:39.991] [modloading-worker-0/INFO] [Railways/MultiRegistryCallback/]: Registering callback for railways:green_sliding_locometal_door in minecraft:block
[04May2026 01:28:39.991] [modloading-worker-0/INFO] [Railways/MultiRegistryCallback/]: Registering callback for create:sliding_door in minecraft:block_entity_type
[04May2026 01:28:39.991] [modloading-worker-0/INFO] [Railways/MultiRegistryCallback/]: Registering callback for railways:green_folding_locometal_door in minecraft:block
[04May2026 01:28:39.991] [modloading-worker-0/INFO] [Railways/MultiRegistryCallback/]: Registering callback for create:flywheel in minecraft:block_entity_type
[04May2026 01:28:39.991] [modloading-worker-0/INFO] [Railways/MultiRegistryCallback/]: Registering callback for railways:pine_green_locometal_flywheel in minecraft:block
[04May2026 01:28:39.991] [modloading-worker-0/INFO] [Railways/MultiRegistryCallback/]: Registering callback for create:sliding_door in minecraft:block_entity_type
[04May2026 01:28:39.991] [modloading-worker-0/INFO] [Railways/MultiRegistryCallback/]: Registering callback for railways:pine_green_sliding_locometal_door in minecraft:block
[04May2026 01:28:39.991] [modloading-worker-0/INFO] [Railways/MultiRegistryCallback/]: Registering callback for create:sliding_door in minecraft:block_entity_type
[04May2026 01:28:39.991] [modloading-worker-0/INFO] [Railways/MultiRegistryCallback/]: Registering callback for railways:pine_green_folding_locometal_door in minecraft:block
[04May2026 01:28:39.993] [modloading-worker-0/INFO] [Railways/MultiRegistryCallback/]: Registering callback for create:flywheel in minecraft:block_entity_type
[04May2026 01:28:39.993] [modloading-worker-0/INFO] [Railways/MultiRegistryCallback/]: Registering callback for railways:cyan_locometal_flywheel in minecraft:block
[04May2026 01:28:39.993] [modloading-worker-0/INFO] [Railways/MultiRegistryCallback/]: Registering callback for create:sliding_door in minecraft:block_entity_type
[04May2026 01:28:39.993] [modloading-worker-0/INFO] [Railways/MultiRegistryCallback/]: Registering callback for railways:cyan_sliding_locometal_door in minecraft:block
[04May2026 01:28:39.993] [modloading-worker-0/INFO] [Railways/MultiRegistryCallback/]: Registering callback for create:sliding_door in minecraft:block_entity_type
[04May2026 01:28:39.993] [modloading-worker-0/INFO] [Railways/MultiRegistryCallback/]: Registering callback for railways:cyan_folding_locometal_door in minecraft:block
[04May2026 01:28:39.993] [modloading-worker-0/INFO] [Railways/MultiRegistryCallback/]: Registering callback for create:flywheel in minecraft:block_entity_type
[04May2026 01:28:39.993] [modloading-worker-0/INFO] [Railways/MultiRegistryCallback/]: Registering callback for railways:sea_green_locometal_flywheel in minecraft:block
[04May2026 01:28:39.993] [modloading-worker-0/INFO] [Railways/MultiRegistryCallback/]: Registering callback for create:sliding_door in minecraft:block_entity_type
[04May2026 01:28:39.994] [modloading-worker-0/INFO] [Railways/MultiRegistryCallback/]: Registering callback for railways:sea_green_sliding_locometal_door in minecraft:block
[04May2026 01:28:39.994] [modloading-worker-0/INFO] [Railways/MultiRegistryCallback/]: Registering callback for create:sliding_door in minecraft:block_entity_type
[04May2026 01:28:39.995] [modloading-worker-0/INFO] [Railways/MultiRegistryCallback/]: Registering callback for railways:sea_green_folding_locometal_door in minecraft:block
[04May2026 01:28:39.996] [modloading-worker-0/INFO] [Railways/MultiRegistryCallback/]: Registering callback for create:flywheel in minecraft:block_entity_type
[04May2026 01:28:39.996] [modloading-worker-0/INFO] [Railways/MultiRegistryCallback/]: Registering callback for railways:turquoise_locometal_flywheel in minecraft:block
[04May2026 01:28:39.996] [modloading-worker-0/INFO] [Railways/MultiRegistryCallback/]: Registering callback for create:sliding_door in minecraft:block_entity_type
[04May2026 01:28:39.996] [modloading-worker-0/INFO] [Railways/MultiRegistryCallback/]: Registering callback for railways:turquoise_sliding_locometal_door in minecraft:block
[04May2026 01:28:39.996] [modloading-worker-0/INFO] [Railways/MultiRegistryCallback/]: Registering callback for create:sliding_door in minecraft:block_entity_type
[04May2026 01:28:39.996] [modloading-worker-0/INFO] [Railways/MultiRegistryCallback/]: Registering callback for railways:turquoise_folding_locometal_door in minecraft:block
[04May2026 01:28:39.996] [modloading-worker-0/INFO] [Railways/MultiRegistryCallback/]: Registering callback for create:flywheel in minecraft:block_entity_type
[04May2026 01:28:39.996] [modloading-worker-0/INFO] [Railways/MultiRegistryCallback/]: Registering callback for railways:light_blue_locometal_flywheel in minecraft:block
[04May2026 01:28:39.997] [modloading-worker-0/INFO] [Railways/MultiRegistryCallback/]: Registering callback for create:sliding_door in minecraft:block_entity_type
[04May2026 01:28:39.998] [modloading-worker-0/INFO] [Railways/MultiRegistryCallback/]: Registering callback for railways:light_blue_sliding_locometal_door in minecraft:block
[04May2026 01:28:39.998] [modloading-worker-0/INFO] [Railways/MultiRegistryCallback/]: Registering callback for create:sliding_door in minecraft:block_entity_type
[04May2026 01:28:39.998] [modloading-worker-0/INFO] [Railways/MultiRegistryCallback/]: Registering callback for railways:light_blue_folding_locometal_door in minecraft:block
[04May2026 01:28:39.999] [modloading-worker-0/INFO] [Railways/MultiRegistryCallback/]: Registering callback for create:flywheel in minecraft:block_entity_type
[04May2026 01:28:39.999] [modloading-worker-0/INFO] [Railways/MultiRegistryCallback/]: Registering callback for railways:blue_locometal_flywheel in minecraft:block
[04May2026 01:28:39.999] [modloading-worker-0/INFO] [Railways/MultiRegistryCallback/]: Registering callback for create:sliding_door in minecraft:block_entity_type
[04May2026 01:28:39.999] [modloading-worker-0/INFO] [Railways/MultiRegistryCallback/]: Registering callback for railways:blue_sliding_locometal_door in minecraft:block
[04May2026 01:28:40.000] [modloading-worker-0/INFO] [Railways/MultiRegistryCallback/]: Registering callback for create:sliding_door in minecraft:block_entity_type
[04May2026 01:28:40.000] [modloading-worker-0/INFO] [Railways/MultiRegistryCallback/]: Registering callback for railways:blue_folding_locometal_door in minecraft:block
[04May2026 01:28:40.000] [modloading-worker-0/INFO] [Railways/MultiRegistryCallback/]: Registering callback for create:flywheel in minecraft:block_entity_type
[04May2026 01:28:40.000] [modloading-worker-0/INFO] [Railways/MultiRegistryCallback/]: Registering callback for railways:royal_blue_locometal_flywheel in minecraft:block
[04May2026 01:28:40.000] [modloading-worker-0/INFO] [Railways/MultiRegistryCallback/]: Registering callback for create:sliding_door in minecraft:block_entity_type
[04May2026 01:28:40.001] [modloading-worker-0/INFO] [Railways/MultiRegistryCallback/]: Registering callback for railways:royal_blue_sliding_locometal_door in minecraft:block
[04May2026 01:28:40.002] [modloading-worker-0/INFO] [Railways/MultiRegistryCallback/]: Registering callback for create:sliding_door in minecraft:block_entity_type
[04May2026 01:28:40.002] [modloading-worker-0/INFO] [Railways/MultiRegistryCallback/]: Registering callback for railways:royal_blue_folding_locometal_door in minecraft:block
[04May2026 01:28:40.002] [modloading-worker-0/INFO] [Railways/MultiRegistryCallback/]: Registering callback for create:flywheel in minecraft:block_entity_type
[04May2026 01:28:40.002] [modloading-worker-0/INFO] [Railways/MultiRegistryCallback/]: Registering callback for railways:purple_locometal_flywheel in minecraft:block
[04May2026 01:28:40.002] [modloading-worker-0/INFO] [Railways/MultiRegistryCallback/]: Registering callback for create:sliding_door in minecraft:block_entity_type
[04May2026 01:28:40.002] [modloading-worker-0/INFO] [Railways/MultiRegistryCallback/]: Registering callback for railways:purple_sliding_locometal_door in minecraft:block
[04May2026 01:28:40.002] [modloading-worker-0/INFO] [Railways/MultiRegistryCallback/]: Registering callback for create:sliding_door in minecraft:block_entity_type
[04May2026 01:28:40.003] [modloading-worker-0/INFO] [Railways/MultiRegistryCallback/]: Registering callback for railways:purple_folding_locometal_door in minecraft:block
[04May2026 01:28:40.003] [modloading-worker-0/INFO] [Railways/MultiRegistryCallback/]: Registering callback for create:flywheel in minecraft:block_entity_type
[04May2026 01:28:40.003] [modloading-worker-0/INFO] [Railways/MultiRegistryCallback/]: Registering callback for railways:magenta_locometal_flywheel in minecraft:block
[04May2026 01:28:40.003] [modloading-worker-0/INFO] [Railways/MultiRegistryCallback/]: Registering callback for create:sliding_door in minecraft:block_entity_type
[04May2026 01:28:40.003] [modloading-worker-0/INFO] [Railways/MultiRegistryCallback/]: Registering callback for railways:magenta_sliding_locometal_door in minecraft:block
[04May2026 01:28:40.003] [modloading-worker-0/INFO] [Railways/MultiRegistryCallback/]: Registering callback for create:sliding_door in minecraft:block_entity_type
[04May2026 01:28:40.004] [modloading-worker-0/INFO] [Railways/MultiRegistryCallback/]: Registering callback for railways:magenta_folding_locometal_door in minecraft:block
[04May2026 01:28:40.004] [modloading-worker-0/INFO] [Railways/MultiRegistryCallback/]: Registering callback for create:flywheel in minecraft:block_entity_type
[04May2026 01:28:40.004] [modloading-worker-0/INFO] [Railways/MultiRegistryCallback/]: Registering callback for railways:pink_locometal_flywheel in minecraft:block
[04May2026 01:28:40.004] [modloading-worker-0/INFO] [Railways/MultiRegistryCallback/]: Registering callback for create:sliding_door in minecraft:block_entity_type
[04May2026 01:28:40.005] [modloading-worker-0/INFO] [Railways/MultiRegistryCallback/]: Registering callback for railways:pink_sliding_locometal_door in minecraft:block
[04May2026 01:28:40.005] [modloading-worker-0/INFO] [Railways/MultiRegistryCallback/]: Registering callback for create:sliding_door in minecraft:block_entity_type
[04May2026 01:28:40.005] [modloading-worker-0/INFO] [Railways/MultiRegistryCallback/]: Registering callback for railways:pink_folding_locometal_door in minecraft:block
[04May2026 01:28:40.005] [modloading-worker-0/INFO] [Railways/MultiRegistryCallback/]: Registering callback for create:flywheel in minecraft:block_entity_type
[04May2026 01:28:40.005] [modloading-worker-0/INFO] [Railways/MultiRegistryCallback/]: Registering callback for railways:white_locometal_flywheel in minecraft:block
[04May2026 01:28:40.005] [modloading-worker-0/INFO] [Railways/MultiRegistryCallback/]: Registering callback for create:sliding_door in minecraft:block_entity_type
[04May2026 01:28:40.005] [modloading-worker-0/INFO] [Railways/MultiRegistryCallback/]: Registering callback for railways:white_sliding_locometal_door in minecraft:block
[04May2026 01:28:40.005] [modloading-worker-0/INFO] [Railways/MultiRegistryCallback/]: Registering callback for create:sliding_door in minecraft:block_entity_type
[04May2026 01:28:40.005] [modloading-worker-0/INFO] [Railways/MultiRegistryCallback/]: Registering callback for railways:white_folding_locometal_door in minecraft:block
[04May2026 01:28:40.005] [modloading-worker-0/INFO] [Railways/MultiRegistryCallback/]: Registering callback for create:flywheel in minecraft:block_entity_type
[04May2026 01:28:40.005] [modloading-worker-0/INFO] [Railways/MultiRegistryCallback/]: Registering callback for railways:diorite_locometal_flywheel in minecraft:block
[04May2026 01:28:40.005] [modloading-worker-0/INFO] [Railways/MultiRegistryCallback/]: Registering callback for create:sliding_door in minecraft:block_entity_type
[04May2026 01:28:40.006] [modloading-worker-0/INFO] [Railways/MultiRegistryCallback/]: Registering callback for railways:diorite_sliding_locometal_door in minecraft:block
[04May2026 01:28:40.006] [modloading-worker-0/INFO] [Railways/MultiRegistryCallback/]: Registering callback for create:sliding_door in minecraft:block_entity_type
[04May2026 01:28:40.006] [modloading-worker-0/INFO] [Railways/MultiRegistryCallback/]: Registering callback for railways:diorite_folding_locometal_door in minecraft:block
[04May2026 01:28:40.006] [modloading-worker-0/INFO] [Railways/MultiRegistryCallback/]: Registering callback for create:flywheel in minecraft:block_entity_type
[04May2026 01:28:40.007] [modloading-worker-0/INFO] [Railways/MultiRegistryCallback/]: Registering callback for railways:limestone_locometal_flywheel in minecraft:block
[04May2026 01:28:40.007] [modloading-worker-0/INFO] [Railways/MultiRegistryCallback/]: Registering callback for create:sliding_door in minecraft:block_entity_type
[04May2026 01:28:40.007] [modloading-worker-0/INFO] [Railways/MultiRegistryCallback/]: Registering callback for railways:limestone_sliding_locometal_door in minecraft:block
[04May2026 01:28:40.008] [modloading-worker-0/INFO] [Railways/MultiRegistryCallback/]: Registering callback for create:sliding_door in minecraft:block_entity_type
[04May2026 01:28:40.008] [modloading-worker-0/INFO] [Railways/MultiRegistryCallback/]: Registering callback for railways:limestone_folding_locometal_door in minecraft:block
[04May2026 01:28:40.008] [modloading-worker-0/INFO] [Railways/MultiRegistryCallback/]: Registering callback for create:flywheel in minecraft:block_entity_type
[04May2026 01:28:40.008] [modloading-worker-0/INFO] [Railways/MultiRegistryCallback/]: Registering callback for railways:light_gray_locometal_flywheel in minecraft:block
[04May2026 01:28:40.008] [modloading-worker-0/INFO] [Railways/MultiRegistryCallback/]: Registering callback for create:sliding_door in minecraft:block_entity_type
[04May2026 01:28:40.008] [modloading-worker-0/INFO] [Railways/MultiRegistryCallback/]: Registering callback for railways:light_gray_sliding_locometal_door in minecraft:block
[04May2026 01:28:40.009] [modloading-worker-0/INFO] [Railways/MultiRegistryCallback/]: Registering callback for create:sliding_door in minecraft:block_entity_type
[04May2026 01:28:40.009] [modloading-worker-0/INFO] [Railways/MultiRegistryCallback/]: Registering callback for railways:light_gray_folding_locometal_door in minecraft:block
[04May2026 01:28:40.009] [modloading-worker-0/INFO] [Railways/MultiRegistryCallback/]: Registering callback for create:flywheel in minecraft:block_entity_type
[04May2026 01:28:40.009] [modloading-worker-0/INFO] [Railways/MultiRegistryCallback/]: Registering callback for railways:tuff_locometal_flywheel in minecraft:block
[04May2026 01:28:40.010] [modloading-worker-0/INFO] [Railways/MultiRegistryCallback/]: Registering callback for create:sliding_door in minecraft:block_entity_type
[04May2026 01:28:40.010] [modloading-worker-0/INFO] [Railways/MultiRegistryCallback/]: Registering callback for railways:tuff_sliding_locometal_door in minecraft:block
[04May2026 01:28:40.012] [modloading-worker-0/INFO] [Railways/MultiRegistryCallback/]: Registering callback for create:sliding_door in minecraft:block_entity_type
[04May2026 01:28:40.012] [modloading-worker-0/INFO] [Railways/MultiRegistryCallback/]: Registering callback for railways:tuff_folding_locometal_door in minecraft:block
[04May2026 01:28:40.012] [modloading-worker-0/INFO] [Railways/MultiRegistryCallback/]: Registering callback for create:flywheel in minecraft:block_entity_type
[04May2026 01:28:40.013] [modloading-worker-0/INFO] [Railways/MultiRegistryCallback/]: Registering callback for railways:gray_locometal_flywheel in minecraft:block
[04May2026 01:28:40.013] [modloading-worker-0/INFO] [Railways/MultiRegistryCallback/]: Registering callback for create:sliding_door in minecraft:block_entity_type
[04May2026 01:28:40.013] [modloading-worker-0/INFO] [Railways/MultiRegistryCallback/]: Registering callback for railways:gray_sliding_locometal_door in minecraft:block
[04May2026 01:28:40.013] [modloading-worker-0/INFO] [Railways/MultiRegistryCallback/]: Registering callback for create:sliding_door in minecraft:block_entity_type
[04May2026 01:28:40.013] [modloading-worker-0/INFO] [Railways/MultiRegistryCallback/]: Registering callback for railways:gray_folding_locometal_door in minecraft:block
[04May2026 01:28:40.013] [modloading-worker-0/INFO] [Railways/MultiRegistryCallback/]: Registering callback for create:flywheel in minecraft:block_entity_type
[04May2026 01:28:40.013] [modloading-worker-0/INFO] [Railways/MultiRegistryCallback/]: Registering callback for railways:scorchia_locometal_flywheel in minecraft:block
[04May2026 01:28:40.013] [modloading-worker-0/INFO] [Railways/MultiRegistryCallback/]: Registering callback for create:sliding_door in minecraft:block_entity_type
[04May2026 01:28:40.013] [modloading-worker-0/INFO] [Railways/MultiRegistryCallback/]: Registering callback for railways:scorchia_sliding_locometal_door in minecraft:block
[04May2026 01:28:40.014] [modloading-worker-0/INFO] [Railways/MultiRegistryCallback/]: Registering callback for create:sliding_door in minecraft:block_entity_type
[04May2026 01:28:40.014] [modloading-worker-0/INFO] [Railways/MultiRegistryCallback/]: Registering callback for railways:scorchia_folding_locometal_door in minecraft:block
[04May2026 01:28:40.014] [modloading-worker-0/INFO] [Railways/MultiRegistryCallback/]: Registering callback for create:flywheel in minecraft:block_entity_type
[04May2026 01:28:40.014] [modloading-worker-0/INFO] [Railways/MultiRegistryCallback/]: Registering callback for railways:black_locometal_flywheel in minecraft:block
[04May2026 01:28:40.014] [modloading-worker-0/INFO] [Railways/MultiRegistryCallback/]: Registering callback for create:sliding_door in minecraft:block_entity_type
[04May2026 01:28:40.014] [modloading-worker-0/INFO] [Railways/MultiRegistryCallback/]: Registering callback for railways:black_sliding_locometal_door in minecraft:block
[04May2026 01:28:40.014] [modloading-worker-0/INFO] [Railways/MultiRegistryCallback/]: Registering callback for create:sliding_door in minecraft:block_entity_type
[04May2026 01:28:40.014] [modloading-worker-0/INFO] [Railways/MultiRegistryCallback/]: Registering callback for railways:black_folding_locometal_door in minecraft:block
[04May2026 01:28:40.027] [modloading-worker-0/INFO] [Railways/]: Registering tracks for Hex Casting
[04May2026 01:28:40.031] [modloading-worker-0/INFO] [Railways/]: Registering tracks for Oh The Biomes You'll Go
[04May2026 01:28:40.033] [modloading-worker-0/INFO] [Railways/]: Registering tracks for Blue Skies
[04May2026 01:28:40.034] [modloading-worker-0/INFO] [Railways/]: Registering tracks for Twilight Forest
[04May2026 01:28:40.035] [modloading-worker-0/INFO] [Railways/]: Registering tracks for Biomes O' Plenty
[04May2026 01:28:40.035] [modloading-worker-0/INFO] [Railways/]: Registering tracks for Nature's Spirit
[04May2026 01:28:40.036] [modloading-worker-0/INFO] [Railways/]: Registering tracks for Dreams and Desires
[04May2026 01:28:40.037] [modloading-worker-0/INFO] [Railways/]: Registering tracks for Quark
[04May2026 01:28:40.056] [modloading-worker-0/INFO] [Railways/]: Registering tracks for TerraFirmaCraft
[04May2026 01:28:40.172] [modloading-worker-0/INFO] [quark/]: Initializing TerraBlender underground biome compat
[04May2026 01:28:40.234] [modloading-worker-0/INFO] [zeta/]: Doing super early config setup for zeta
[04May2026 01:28:40.278] [modloading-worker-0/WARN] [mixinsquared-annotation-adjuster/]: Modified mixin "dev.uncandango.alltheleaks.mixin.core.main.RecipeCrawlHandlerMixin". Check debug logs for more information.
[04May2026 01:28:40.279] [modloading-worker-0/WARN] [mixinsquared-annotation-adjuster/]: Modified mixin "dev.uncandango.alltheleaks.mixin.core.main.RecipeCrawlHandlerMixin". Check debug logs for more information.
[04May2026 01:28:40.281] [modloading-worker-0/WARN] [mixinsquared-annotation-adjuster/]: Modified mixin "dev.uncandango.alltheleaks.mixin.core.main.RecipeCrawlHandlerMixin". Check debug logs for more information.
[04May2026 01:28:40.329] [modloading-worker-0/INFO] [Puzzles Lib/]: Constructing common components for puzzleslib:main
[04May2026 01:28:40.384] [modloading-worker-0/INFO] [be.florens.expandability.ExpandAbility/]: ExpandAbility here, who dis?
[04May2026 01:28:40.550] [modloading-worker-0/INFO] [com.drmangotea.tfmg.TFMG/]: [TFMG] Initializing systems...
[04May2026 01:28:40.556] [modloading-worker-0/INFO] [quark-zeta/]: Discovered 164 modules to load.
[04May2026 01:28:40.556] [modloading-worker-0/INFO] [quark-zeta/]: Constructing module Abacus...
[04May2026 01:28:40.578] [modloading-worker-0/INFO] [quark-zeta/]: Constructing module Adjustable Chat...
[04May2026 01:28:40.578] [modloading-worker-0/INFO] [quark-zeta/]: Constructing module Ambient Discs...
[04May2026 01:28:40.581] [modloading-worker-0/INFO] [quark-zeta/]: Constructing module Ancient Tomes...
[04May2026 01:28:40.592] [modloading-worker-0/INFO] [quark-zeta/]: Constructing module Ancient Wood...
[04May2026 01:28:40.605] [modloading-worker-0/INFO] [com.drmangotea.tfmg.TFMG/]: [TFMG] Setting up client...
[04May2026 01:28:40.614] [modloading-worker-0/INFO] [quark-zeta/]: Constructing module Armed Armor Stands...
[04May2026 01:28:40.615] [modloading-worker-0/INFO] [quark-zeta/]: Constructing module Auto Walk Keybind...
[04May2026 01:28:40.615] [modloading-worker-0/INFO] [quark-zeta/]: Constructing module Automatic Recipe Unlock...
[04May2026 01:28:40.616] [modloading-worker-0/INFO] [quark-zeta/]: Constructing module Automatic Tool Restock...
[04May2026 01:28:40.617] [modloading-worker-0/INFO] [com.drmangotea.tfmg.TFMG/]: [TFMG] Initialization complete!
[04May2026 01:28:40.623] [modloading-worker-0/INFO] [quark-zeta/]: Constructing module Azalea Wood...
[04May2026 01:28:40.628] [modloading-worker-0/INFO] [quark-zeta/]: Constructing module Back Button Keybind...
[04May2026 01:28:40.628] [modloading-worker-0/INFO] [quark-zeta/]: Constructing module Backpack...
[04May2026 01:28:40.638] [modloading-worker-0/INFO] [quark-zeta/]: Constructing module Beacon Redirection...
[04May2026 01:28:40.639] [modloading-worker-0/INFO] [quark-zeta/]: Constructing module Better Elytra Rocket...
[04May2026 01:28:40.639] [modloading-worker-0/INFO] [quark-zeta/]: Constructing module Big Stone Clusters...
[04May2026 01:28:40.656] [modloading-worker-0/INFO] [quark-zeta/]: Constructing module Blossom Trees...
[04May2026 01:28:40.658] [modloading-worker-0/INFO] [quark-zeta/]: Constructing module Bottled Cloud...
[04May2026 01:28:40.662] [modloading-worker-0/INFO] [quark-zeta/]: Constructing module Buckets Show Inhabitants...
[04May2026 01:28:40.666] [modloading-worker-0/INFO] [quark-zeta/]: Constructing module Camera...
[04May2026 01:28:40.672] [modloading-worker-0/INFO] [quark-zeta/]: Constructing module Campfires Boost Elytra...
[04May2026 01:28:40.672] [modloading-worker-0/INFO] [quark-zeta/]: Constructing module Celebratory Lamps...
[04May2026 01:28:40.673] [modloading-worker-0/INFO] [quark-zeta/]: Constructing module Chains Connect Blocks...
[04May2026 01:28:40.673] [modloading-worker-0/INFO] [quark-zeta/]: Constructing module Chest Searching...
[04May2026 01:28:40.673] [modloading-worker-0/INFO] [quark-zeta/]: Constructing module Chorus Vegetation...
[04May2026 01:28:40.679] [modloading-worker-0/INFO] [quark-zeta/]: Constructing module Chute...
[04May2026 01:28:40.681] [modloading-worker-0/INFO] [quark-zeta/]: Constructing module Climate Control Remover...
[04May2026 01:28:40.682] [modloading-worker-0/INFO] [quark-zeta/]: Constructing module Color Runes...
[04May2026 01:28:40.689] [modloading-worker-0/INFO] [quark-zeta/]: Constructing module Compasses Work Everywhere...
[04May2026 01:28:40.692] [modloading-worker-0/INFO] [quark-zeta/]: Constructing module Compressed Blocks...
[04May2026 01:28:40.693] [modloading-worker-0/INFO] [quark-zeta/]: Constructing module Coral On Cactus...
[04May2026 01:28:40.693] [modloading-worker-0/INFO] [quark-zeta/]: Constructing module Corundum...
[04May2026 01:28:40.745] [modloading-worker-0/INFO] [quark-zeta/]: Constructing module Crabs...
[04May2026 01:28:40.751] [modloading-worker-0/INFO] [quark-zeta/]: Constructing module Crafter...
[04May2026 01:28:40.753] [modloading-worker-0/INFO] [quark-zeta/]: Constructing module Crate...
[04May2026 01:28:40.754] [modloading-worker-0/INFO] [quark-zeta/]: Constructing module Diamond Repair...
[04May2026 01:28:40.757] [modloading-worker-0/INFO] [quark-zeta/]: Constructing module Dispensers Place Blocks...
[04May2026 01:28:40.759] [modloading-worker-0/INFO] [quark-zeta/]: Constructing module Double Door Opening...
[04May2026 01:28:40.761] [modloading-worker-0/INFO] [quark-zeta/]: Constructing module Dragon Scales...
[04May2026 01:28:40.762] [modloading-worker-0/INFO] [quark-zeta/]: Constructing module Duskbound Blocks...
[04May2026 01:28:40.763] [modloading-worker-0/INFO] [quark-zeta/]: Constructing module Dyeable Item Frames...
[04May2026 01:28:40.766] [modloading-worker-0/INFO] [quark-zeta/]: Constructing module Easy Transfering...
[04May2026 01:28:40.766] [modloading-worker-0/INFO] [quark-zeta/]: Constructing module Elytra Indicator...
[04May2026 01:28:40.767] [modloading-worker-0/INFO] [quark-zeta/]: Constructing module Emotes...
[04May2026 01:28:40.770] [modloading-worker-0/INFO] [quark-zeta/]: Constructing module Enchantment Predicates...
[04May2026 01:28:40.770] [modloading-worker-0/INFO] [quark-zeta/]: Constructing module Enchantments Begone...
[04May2026 01:28:40.771] [modloading-worker-0/INFO] [quark-zeta/]: Constructing module Ender Watcher...
[04May2026 01:28:40.773] [modloading-worker-0/INFO] [quark-zeta/]: Constructing module Endermosh Music Disc...
[04May2026 01:28:40.777] [modloading-worker-0/INFO] [quark-zeta/]: Constructing module Enhanced Ladders...
[04May2026 01:28:40.777] [modloading-worker-0/INFO] [quark-zeta/]: Constructing module Expanded Item Interactions...
[04May2026 01:28:40.779] [modloading-worker-0/INFO] [quark-zeta/]: Constructing module Fairy Rings...
[04May2026 01:28:40.782] [modloading-worker-0/INFO] [quark-zeta/]: Constructing module Fallen Logs...
[04May2026 01:28:40.783] [modloading-worker-0/INFO] [quark-zeta/]: Constructing module Feeding Trough...
[04May2026 01:28:40.788] [modloading-worker-0/INFO] [quark-zeta/]: Constructing module Forgotten...
[04May2026 01:28:40.798] [modloading-worker-0/INFO] [quark-zeta/]: Constructing module Foxhound...
[04May2026 01:28:40.799] [modloading-worker-0/INFO] [quark-zeta/]: Constructing module Framed Glass...
[04May2026 01:28:40.799] [modloading-worker-0/INFO] [quark-zeta/]: Constructing module Game Nerfs...
[04May2026 01:28:40.800] [modloading-worker-0/INFO] [quark-zeta/]: Constructing module Glass Item Frame...
[04May2026 01:28:40.802] [modloading-worker-0/INFO] [quark-zeta/]: Constructing module Glass Shard...
[04May2026 01:28:40.803] [modloading-worker-0/INFO] [quark-zeta/]: Constructing module Glimmering Weald...
[04May2026 01:28:40.831] [modloading-worker-0/INFO] [quark-zeta/]: Constructing module Gold Bars...
[04May2026 01:28:40.832] [modloading-worker-0/INFO] [quark-zeta/]: Constructing module Gold Tools Have Fortune...
[04May2026 01:28:40.837] [modloading-worker-0/INFO] [quark-zeta/]: Constructing module Grab Chickens...
[04May2026 01:28:40.841] [modloading-worker-0/INFO] [quark-zeta/]: Constructing module Grate...
[04May2026 01:28:40.843] [modloading-worker-0/INFO] [quark-zeta/]: Constructing module Gravisand...
[04May2026 01:28:40.849] [modloading-worker-0/INFO] [quark-zeta/]: Constructing module Greener Grass...
[04May2026 01:28:40.852] [modloading-worker-0/INFO] [quark-zeta/]: Constructing module Hedges...
[04May2026 01:28:40.856] [modloading-worker-0/INFO] [quark-zeta/]: Constructing module Hoe Harvesting...
[04May2026 01:28:40.857] [modloading-worker-0/INFO] [quark-zeta/]: Constructing module Hollow Logs...
[04May2026 01:28:40.858] [modloading-worker-0/INFO] [quark-zeta/]: Constructing module Horses Swim...
[04May2026 01:28:40.859] [modloading-worker-0/INFO] [quark-zeta/]: Constructing module Hotbar Changer...
[04May2026 01:28:40.859] [modloading-worker-0/INFO] [quark-zeta/]: Constructing module Improved Sponges...
[04May2026 01:28:40.859] [modloading-worker-0/INFO] [quark-zeta/]: Constructing module Improved Tooltips...
[04May2026 01:28:40.860] [modloading-worker-0/INFO] [quark-zeta/]: Constructing module Industrial Palette...
[04May2026 01:28:40.865] [modloading-worker-0/INFO] [quark-zeta/]: Constructing module Inventory Sorting...
[04May2026 01:28:40.865] [modloading-worker-0/INFO] [quark-zeta/]: Constructing module Iron Rod...
[04May2026 01:28:40.890] [modloading-worker-0/INFO] [quark-zeta/]: Constructing module Item Sharing...
[04May2026 01:28:40.890] [modloading-worker-0/INFO] [quark-zeta/]: Constructing module Japanese Palette...
[04May2026 01:28:40.894] [modloading-worker-0/INFO] [quark-zeta/]: Constructing module Leaf Carpet...
[04May2026 01:28:40.898] [modloading-worker-0/INFO] [quark-zeta/]: Constructing module Lock Rotation...
[04May2026 01:28:40.899] [modloading-worker-0/INFO] [quark-zeta/]: Constructing module Long Range Pick Block...
[04May2026 01:28:40.900] [modloading-worker-0/INFO] [quark-zeta/]: Constructing module Magma Keeps Concrete Powder...
[04May2026 01:28:40.900] [modloading-worker-0/INFO] [quark-zeta/]: Constructing module Magnets...
[04May2026 01:28:40.911] [modloading-worker-0/INFO] [quark-zeta/]: Constructing module Map Washing...
[04May2026 01:28:40.911] [modloading-worker-0/INFO] [quark-zeta/]: Constructing module Matrix Enchanting...
[04May2026 01:28:40.956] [modloading-worker-0/INFO] [quark-zeta/]: Constructing module Metal Buttons...
[04May2026 01:28:40.957] [modloading-worker-0/INFO] [quark-zeta/]: Constructing module Microcrafting Helper...
[04May2026 01:28:40.959] [modloading-worker-0/INFO] [quark-zeta/]: Constructing module Midori...
[04May2026 01:28:40.960] [modloading-worker-0/INFO] [quark-zeta/]: Constructing module Monster Box...
[04May2026 01:28:40.962] [modloading-worker-0/INFO] [quark-zeta/]: Constructing module More Banner Layers...
[04May2026 01:28:40.962] [modloading-worker-0/INFO] [quark-zeta/]: Constructing module More Brick Types...
[04May2026 01:28:40.963] [modloading-worker-0/INFO] [quark-zeta/]: Constructing module More Mud Blocks...
[04May2026 01:28:40.963] [modloading-worker-0/INFO] [quark-zeta/]: Constructing module More Note Block Sounds...
[04May2026 01:28:40.964] [modloading-worker-0/INFO] [quark-zeta/]: Constructing module More Potted Plants...
[04May2026 01:28:40.964] [modloading-worker-0/INFO] [quark-zeta/]: Constructing module More Villagers...
[04May2026 01:28:40.964] [modloading-worker-0/INFO] [quark-zeta/]: Constructing module Narrator Readout...
[04May2026 01:28:40.967] [modloading-worker-0/INFO] [quark-zeta/]: Constructing module Nether Brick Fence Gate...
[04May2026 01:28:40.970] [modloading-worker-0/INFO] [quark-zeta/]: Constructing module Nether Obsidian Spikes...
[04May2026 01:28:40.971] [modloading-worker-0/INFO] [quark-zeta/]: Constructing module New Stone Types...
[04May2026 01:28:40.976] [modloading-worker-0/INFO] [quark-zeta/]: Constructing module No Durability On Cosmetics...
[04May2026 01:28:40.978] [modloading-worker-0/INFO] [quark-zeta/]: Constructing module No More Lava Pockets...
[04May2026 01:28:40.979] [modloading-worker-0/INFO] [quark-zeta/]: Constructing module Obsidian Plate...
[04May2026 01:28:40.981] [modloading-worker-0/INFO] [quark-zeta/]: Constructing module Overlay Shader...
[04May2026 01:28:40.982] [modloading-worker-0/INFO] [quark-zeta/]: Constructing module Parrot Eggs...
[04May2026 01:28:40.984] [modloading-worker-0/INFO] [quark-zeta/]: Constructing module Pat The Dogs...
[04May2026 01:28:40.986] [modloading-worker-0/INFO] [quark-zeta/]: Constructing module Pathfinder Maps...
[04May2026 01:28:40.988] [modloading-worker-0/INFO] [quark-zeta/]: Constructing module Permafrost...
[04May2026 01:28:40.997] [modloading-worker-0/INFO] [quark-zeta/]: Constructing module Petals On Water...
[04May2026 01:28:40.999] [modloading-worker-0/INFO] [quark-zeta/]: Constructing module Pickarang...
[04May2026 01:28:41.007] [modloading-worker-0/INFO] [quark-zeta/]: Constructing module Pig Litters...
[04May2026 01:28:41.010] [modloading-worker-0/INFO] [quark-zeta/]: Constructing module Pipes...
[04May2026 01:28:41.025] [modloading-worker-0/INFO] [quark-zeta/]: Constructing module Pistons Move Tile Entities...
[04May2026 01:28:41.025] [modloading-worker-0/INFO] [quark-zeta/]: Constructing module Poison Potato Usage...
[04May2026 01:28:41.027] [modloading-worker-0/INFO] [quark-zeta/]: Constructing module Quick Armor Swapping...
[04May2026 01:28:41.027] [modloading-worker-0/INFO] [quark-zeta/]: Constructing module Rainbow Lamps...
[04May2026 01:28:41.027] [modloading-worker-0/INFO] [quark-zeta/]: Constructing module Raw Metal Bricks...
[04May2026 01:28:41.028] [modloading-worker-0/INFO] [quark-zeta/]: Constructing module Reacharound Placing...
[04May2026 01:28:41.029] [modloading-worker-0/INFO] [quark-zeta/]: Constructing module Redstone Randomizer...
[04May2026 01:28:41.030] [modloading-worker-0/INFO] [quark-zeta/]: Constructing module Renewable Spore Blossoms...
[04May2026 01:28:41.030] [modloading-worker-0/INFO] [quark-zeta/]: Constructing module Replace Scaffolding...
[04May2026 01:28:41.031] [modloading-worker-0/INFO] [quark-zeta/]: Constructing module Rope...
[04May2026 01:28:41.034] [modloading-worker-0/INFO] [quark-zeta/]: Constructing module Safer Creatures...
[04May2026 01:28:41.034] [modloading-worker-0/INFO] [quark-zeta/]: Constructing module Seed Pouch...
[04May2026 01:28:41.039] [modloading-worker-0/INFO] [quark-zeta/]: Constructing module Shear Vines...
[04May2026 01:28:41.055] [modloading-worker-0/INFO] [quark-zeta/]: Constructing module Shiba...
[04May2026 01:28:41.056] [modloading-worker-0/INFO] [quark-zeta/]: Constructing module Shingles...
[04May2026 01:28:41.056] [modloading-worker-0/INFO] [quark-zeta/]: Constructing module Shulker Packing...
[04May2026 01:28:41.057] [modloading-worker-0/INFO] [quark-zeta/]: Constructing module Simple Harvest...
[04May2026 01:28:41.058] [modloading-worker-0/INFO] [quark-zeta/]: Constructing module Skull Pikes...
[04May2026 01:28:41.060] [modloading-worker-0/INFO] [quark-zeta/]: Constructing module Slabs To Blocks...
[04May2026 01:28:41.061] [modloading-worker-0/INFO] [quark-zeta/]: Constructing module Slime In A Bucket...
[04May2026 01:28:41.062] [modloading-worker-0/INFO] [quark-zeta/]: Constructing module Slimes To Magma Cubes...
[04May2026 01:28:41.065] [modloading-worker-0/INFO] [quark-zeta/]: Constructing module Snow Golem Player Heads...
[04May2026 01:28:41.066] [modloading-worker-0/INFO] [quark-zeta/]: Constructing module Soul Candles...
[04May2026 01:28:41.067] [modloading-worker-0/INFO] [quark-zeta/]: Constructing module Soul Sandstone...
[04May2026 01:28:41.069] [modloading-worker-0/INFO] [quark-zeta/]: Constructing module Spawner Replacer...
[04May2026 01:28:41.070] [modloading-worker-0/INFO] [quark-zeta/]: Constructing module Spiral Spires...
[04May2026 01:28:41.072] [modloading-worker-0/INFO] [quark-zeta/]: Constructing module Stonelings...
[04May2026 01:28:41.076] [modloading-worker-0/INFO] [quark-zeta/]: Constructing module Stools...
[04May2026 01:28:41.080] [modloading-worker-0/INFO] [quark-zeta/]: Constructing module Sturdy Stone...
[04May2026 01:28:41.080] [modloading-worker-0/INFO] [quark-zeta/]: Constructing module Thatch...
[04May2026 01:28:41.084] [modloading-worker-0/INFO] [quark-zeta/]: Constructing module Tiny Potato...
[04May2026 01:28:41.085] [modloading-worker-0/INFO] [quark-zeta/]: Constructing module Torch Arrow...
[04May2026 01:28:41.087] [modloading-worker-0/INFO] [quark-zeta/]: Constructing module Toretoise...
[04May2026 01:28:41.088] [modloading-worker-0/INFO] [quark-zeta/]: Constructing module Totem Of Holding...
[04May2026 01:28:41.090] [modloading-worker-0/INFO] [quark-zeta/]: Constructing module Trowel...
[04May2026 01:28:41.091] [modloading-worker-0/INFO] [quark-zeta/]: Constructing module Usage Ticker...
[04May2026 01:28:41.091] [modloading-worker-0/INFO] [quark-zeta/]: Constructing module Uses For Curses...
[04May2026 01:28:41.092] [modloading-worker-0/INFO] [quark-zeta/]: Constructing module Utility Recipes...
[04May2026 01:28:41.092] [modloading-worker-0/INFO] [quark-zeta/]: Constructing module Variant Animal Textures...
[04May2026 01:28:41.093] [modloading-worker-0/INFO] [quark-zeta/]: Constructing module Variant Bookshelves...
[04May2026 01:28:41.093] [modloading-worker-0/INFO] [quark-zeta/]: Constructing module Variant Chests...
[04May2026 01:28:41.104] [modloading-worker-0/INFO] [quark-zeta/]: Constructing module Variant Furnaces...
[04May2026 01:28:41.111] [modloading-worker-0/INFO] [quark-zeta/]: Constructing module Variant Ladders...
[04May2026 01:28:41.111] [modloading-worker-0/INFO] [quark-zeta/]: Constructing module Variant Selector...
[04May2026 01:28:41.114] [modloading-worker-0/INFO] [quark-zeta/]: Constructing module Vertical Planks...
[04May2026 01:28:41.114] [modloading-worker-0/INFO] [quark-zeta/]: Constructing module Vertical Slabs...
[04May2026 01:28:41.129] [modloading-worker-0/INFO] [quark-zeta/]: Constructing module Vexes Die With Their Masters...
[04May2026 01:28:41.130] [modloading-worker-0/INFO] [quark-zeta/]: Constructing module Villager Rerolling Rework...
[04May2026 01:28:41.130] [modloading-worker-0/INFO] [quark-zeta/]: Constructing module Villagers Follow Emeralds...
[04May2026 01:28:41.130] [modloading-worker-0/INFO] [quark-zeta/]: Constructing module Wooden Posts...
[04May2026 01:28:41.132] [modloading-worker-0/INFO] [quark-zeta/]: Constructing module Wool Shuts Up Minecarts...
[04May2026 01:28:41.132] [modloading-worker-0/INFO] [quark-zeta/]: Constructing module Wraith...
[04May2026 01:28:41.134] [modloading-worker-0/INFO] [quark-zeta/]: Constructing module Zombie Villagers On Normal...
[04May2026 01:28:41.134] [modloading-worker-0/INFO] [quark-zeta/]: Constructing module More Stone Variants...
[04May2026 01:28:41.135] [modloading-worker-0/INFO] [quark-zeta/]: Constructed 164 modules.
[04May2026 01:28:41.235] [modloading-worker-0/INFO] [quark-zeta/]: Doing super early config setup for quark
[04May2026 01:28:41.711] [main/INFO] [net.minecraft.server.packs.resources.ReloadableResourceManager/]: Reloading ResourceManager: mod_resources
[04May2026 01:28:43.344] [main/INFO] [dev.gigaherz.jsonthings.things.parsers.SoundEventParser/]: Started registering SoundEvent things, errors about unexpected registry domains are harmless...
[04May2026 01:28:43.345] [main/INFO] [dev.gigaherz.jsonthings.things.parsers.SoundEventParser/]: Done processing thingpack SoundEvents.
[04May2026 01:28:46.172] [main/INFO] [dev.gigaherz.jsonthings.things.parsers.FluidParser/]: Started registering Fluid things, errors about unexpected registry domains are harmless...
[04May2026 01:28:46.173] [main/INFO] [dev.gigaherz.jsonthings.things.parsers.FluidParser/]: Done processing thingpack Fluids.
[04May2026 01:28:47.376] [main/INFO] [dev.gigaherz.jsonthings.things.parsers.BlockParser/]: Started registering Block things, errors about unexpected registry domains are harmless...
[04May2026 01:28:47.382] [main/INFO] [dev.gigaherz.jsonthings.things.parsers.BlockParser/]: Done processing thingpack Blocks.
[04May2026 01:28:54.073] [main/INFO] [dev.gigaherz.jsonthings.things.parsers.ItemParser/]: Started registering Item things, errors about unexpected registry domains are harmless...
[04May2026 01:28:54.082] [main/INFO] [dev.gigaherz.jsonthings.things.parsers.ItemParser/]: Done processing thingpack Items.
[04May2026 01:28:55.079] [main/INFO] [Moonlight/]: Initialized block sets in 22ms
[04May2026 01:28:55.086] [main/WARN] [net.minecraft.network.syncher.SynchedEntityData/]: defineId called for: class net.minecraft.world.entity.item.PrimedTnt from class com.drmangotea.tfmg.content.items.weapons.explosives.napalm.NapalmBombEntity
[04May2026 01:28:55.150] [main/INFO] [dev.gigaherz.jsonthings.things.parsers.EnchantmentParser/]: Started registering Enchantment things, errors about unexpected registry domains are harmless...
[04May2026 01:28:55.151] [main/INFO] [dev.gigaherz.jsonthings.things.parsers.EnchantmentParser/]: Done processing thingpack Enchantments.
[04May2026 01:28:55.193] [main/INFO] [Railways/MultiRegistryCallback/]: Running callback for create:flywheel and railways:locometal_flywheel
[04May2026 01:28:55.194] [main/INFO] [Railways/MultiRegistryCallback/]: Running callback for create:flywheel and railways:brown_locometal_flywheel
[04May2026 01:28:55.194] [main/INFO] [Railways/MultiRegistryCallback/]: Running callback for create:flywheel and railways:maroon_locometal_flywheel
[04May2026 01:28:55.194] [main/INFO] [Railways/MultiRegistryCallback/]: Running callback for create:flywheel and railways:red_locometal_flywheel
[04May2026 01:28:55.194] [main/INFO] [Railways/MultiRegistryCallback/]: Running callback for create:flywheel and railways:vermilion_locometal_flywheel
[04May2026 01:28:55.194] [main/INFO] [Railways/MultiRegistryCallback/]: Running callback for create:flywheel and railways:orange_locometal_flywheel
[04May2026 01:28:55.194] [main/INFO] [Railways/MultiRegistryCallback/]: Running callback for create:flywheel and railways:granite_locometal_flywheel
[04May2026 01:28:55.194] [main/INFO] [Railways/MultiRegistryCallback/]: Running callback for create:flywheel and railways:dripstone_locometal_flywheel
[04May2026 01:28:55.194] [main/INFO] [Railways/MultiRegistryCallback/]: Running callback for create:flywheel and railways:ochrum_locometal_flywheel
[04May2026 01:28:55.194] [main/INFO] [Railways/MultiRegistryCallback/]: Running callback for create:flywheel and railways:yellow_locometal_flywheel
[04May2026 01:28:55.194] [main/INFO] [Railways/MultiRegistryCallback/]: Running callback for create:flywheel and railways:chartreuse_locometal_flywheel
[04May2026 01:28:55.194] [main/INFO] [Railways/MultiRegistryCallback/]: Running callback for create:flywheel and railways:olive_green_locometal_flywheel
[04May2026 01:28:55.194] [main/INFO] [Railways/MultiRegistryCallback/]: Running callback for create:flywheel and railways:lime_locometal_flywheel
[04May2026 01:28:55.194] [main/INFO] [Railways/MultiRegistryCallback/]: Running callback for create:flywheel and railways:green_locometal_flywheel
[04May2026 01:28:55.194] [main/INFO] [Railways/MultiRegistryCallback/]: Running callback for create:flywheel and railways:pine_green_locometal_flywheel
[04May2026 01:28:55.194] [main/INFO] [Railways/MultiRegistryCallback/]: Running callback for create:flywheel and railways:cyan_locometal_flywheel
[04May2026 01:28:55.194] [main/INFO] [Railways/MultiRegistryCallback/]: Running callback for create:flywheel and railways:sea_green_locometal_flywheel
[04May2026 01:28:55.194] [main/INFO] [Railways/MultiRegistryCallback/]: Running callback for create:flywheel and railways:turquoise_locometal_flywheel
[04May2026 01:28:55.194] [main/INFO] [Railways/MultiRegistryCallback/]: Running callback for create:flywheel and railways:light_blue_locometal_flywheel
[04May2026 01:28:55.195] [main/INFO] [Railways/MultiRegistryCallback/]: Running callback for create:flywheel and railways:blue_locometal_flywheel
[04May2026 01:28:55.195] [main/INFO] [Railways/MultiRegistryCallback/]: Running callback for create:flywheel and railways:royal_blue_locometal_flywheel
[04May2026 01:28:55.195] [main/INFO] [Railways/MultiRegistryCallback/]: Running callback for create:flywheel and railways:purple_locometal_flywheel
[04May2026 01:28:55.195] [main/INFO] [Railways/MultiRegistryCallback/]: Running callback for create:flywheel and railways:magenta_locometal_flywheel
[04May2026 01:28:55.195] [main/INFO] [Railways/MultiRegistryCallback/]: Running callback for create:flywheel and railways:pink_locometal_flywheel
[04May2026 01:28:55.195] [main/INFO] [Railways/MultiRegistryCallback/]: Running callback for create:flywheel and railways:white_locometal_flywheel
[04May2026 01:28:55.195] [main/INFO] [Railways/MultiRegistryCallback/]: Running callback for create:flywheel and railways:diorite_locometal_flywheel
[04May2026 01:28:55.195] [main/INFO] [Railways/MultiRegistryCallback/]: Running callback for create:flywheel and railways:limestone_locometal_flywheel
[04May2026 01:28:55.195] [main/INFO] [Railways/MultiRegistryCallback/]: Running callback for create:flywheel and railways:light_gray_locometal_flywheel
[04May2026 01:28:55.195] [main/INFO] [Railways/MultiRegistryCallback/]: Running callback for create:flywheel and railways:tuff_locometal_flywheel
[04May2026 01:28:55.195] [main/INFO] [Railways/MultiRegistryCallback/]: Running callback for create:flywheel and railways:gray_locometal_flywheel
[04May2026 01:28:55.195] [main/INFO] [Railways/MultiRegistryCallback/]: Running callback for create:flywheel and railways:scorchia_locometal_flywheel
[04May2026 01:28:55.195] [main/INFO] [Railways/MultiRegistryCallback/]: Running callback for create:flywheel and railways:black_locometal_flywheel
[04May2026 01:28:55.198] [main/INFO] [Railways/MultiRegistryCallback/]: Running callback for create:sliding_door and railways:sliding_locometal_door
[04May2026 01:28:55.198] [main/INFO] [Railways/MultiRegistryCallback/]: Running callback for create:sliding_door and railways:folding_locometal_door
[04May2026 01:28:55.198] [main/INFO] [Railways/MultiRegistryCallback/]: Running callback for create:sliding_door and railways:brown_sliding_locometal_door
[04May2026 01:28:55.198] [main/INFO] [Railways/MultiRegistryCallback/]: Running callback for create:sliding_door and railways:brown_folding_locometal_door
[04May2026 01:28:55.198] [main/INFO] [Railways/MultiRegistryCallback/]: Running callback for create:sliding_door and railways:maroon_sliding_locometal_door
[04May2026 01:28:55.198] [main/INFO] [Railways/MultiRegistryCallback/]: Running callback for create:sliding_door and railways:maroon_folding_locometal_door
[04May2026 01:28:55.198] [main/INFO] [Railways/MultiRegistryCallback/]: Running callback for create:sliding_door and railways:red_sliding_locometal_door
[04May2026 01:28:55.198] [main/INFO] [Railways/MultiRegistryCallback/]: Running callback for create:sliding_door and railways:red_folding_locometal_door
[04May2026 01:28:55.198] [main/INFO] [Railways/MultiRegistryCallback/]: Running callback for create:sliding_door and railways:vermilion_sliding_locometal_door
[04May2026 01:28:55.198] [main/INFO] [Railways/MultiRegistryCallback/]: Running callback for create:sliding_door and railways:vermilion_folding_locometal_door
[04May2026 01:28:55.198] [main/INFO] [Railways/MultiRegistryCallback/]: Running callback for create:sliding_door and railways:orange_sliding_locometal_door
[04May2026 01:28:55.198] [main/INFO] [Railways/MultiRegistryCallback/]: Running callback for create:sliding_door and railways:orange_folding_locometal_door
[04May2026 01:28:55.198] [main/INFO] [Railways/MultiRegistryCallback/]: Running callback for create:sliding_door and railways:granite_sliding_locometal_door
[04May2026 01:28:55.198] [main/INFO] [Railways/MultiRegistryCallback/]: Running callback for create:sliding_door and railways:granite_folding_locometal_door
[04May2026 01:28:55.198] [main/INFO] [Railways/MultiRegistryCallback/]: Running callback for create:sliding_door and railways:dripstone_sliding_locometal_door
[04May2026 01:28:55.198] [main/INFO] [Railways/MultiRegistryCallback/]: Running callback for create:sliding_door and railways:dripstone_folding_locometal_door
[04May2026 01:28:55.198] [main/INFO] [Railways/MultiRegistryCallback/]: Running callback for create:sliding_door and railways:ochrum_sliding_locometal_door
[04May2026 01:28:55.198] [main/INFO] [Railways/MultiRegistryCallback/]: Running callback for create:sliding_door and railways:ochrum_folding_locometal_door
[04May2026 01:28:55.198] [main/INFO] [Railways/MultiRegistryCallback/]: Running callback for create:sliding_door and railways:yellow_sliding_locometal_door
[04May2026 01:28:55.198] [main/INFO] [Railways/MultiRegistryCallback/]: Running callback for create:sliding_door and railways:yellow_folding_locometal_door
[04May2026 01:28:55.198] [main/INFO] [Railways/MultiRegistryCallback/]: Running callback for create:sliding_door and railways:chartreuse_sliding_locometal_door
[04May2026 01:28:55.198] [main/INFO] [Railways/MultiRegistryCallback/]: Running callback for create:sliding_door and railways:chartreuse_folding_locometal_door
[04May2026 01:28:55.198] [main/INFO] [Railways/MultiRegistryCallback/]: Running callback for create:sliding_door and railways:olive_green_sliding_locometal_door
[04May2026 01:28:55.198] [main/INFO] [Railways/MultiRegistryCallback/]: Running callback for create:sliding_door and railways:olive_green_folding_locometal_door
[04May2026 01:28:55.199] [main/INFO] [Railways/MultiRegistryCallback/]: Running callback for create:sliding_door and railways:lime_sliding_locometal_door
[04May2026 01:28:55.199] [main/INFO] [Railways/MultiRegistryCallback/]: Running callback for create:sliding_door and railways:lime_folding_locometal_door
[04May2026 01:28:55.199] [main/INFO] [Railways/MultiRegistryCallback/]: Running callback for create:sliding_door and railways:green_sliding_locometal_door
[04May2026 01:28:55.199] [main/INFO] [Railways/MultiRegistryCallback/]: Running callback for create:sliding_door and railways:green_folding_locometal_door
[04May2026 01:28:55.199] [main/INFO] [Railways/MultiRegistryCallback/]: Running callback for create:sliding_door and railways:pine_green_sliding_locometal_door
[04May2026 01:28:55.199] [main/INFO] [Railways/MultiRegistryCallback/]: Running callback for create:sliding_door and railways:pine_green_folding_locometal_door
[04May2026 01:28:55.199] [main/INFO] [Railways/MultiRegistryCallback/]: Running callback for create:sliding_door and railways:cyan_sliding_locometal_door
[04May2026 01:28:55.199] [main/INFO] [Railways/MultiRegistryCallback/]: Running callback for create:sliding_door and railways:cyan_folding_locometal_door
[04May2026 01:28:55.199] [main/INFO] [Railways/MultiRegistryCallback/]: Running callback for create:sliding_door and railways:sea_green_sliding_locometal_door
[04May2026 01:28:55.199] [main/INFO] [Railways/MultiRegistryCallback/]: Running callback for create:sliding_door and railways:sea_green_folding_locometal_door
[04May2026 01:28:55.199] [main/INFO] [Railways/MultiRegistryCallback/]: Running callback for create:sliding_door and railways:turquoise_sliding_locometal_door
[04May2026 01:28:55.199] [main/INFO] [Railways/MultiRegistryCallback/]: Running callback for create:sliding_door and railways:turquoise_folding_locometal_door
[04May2026 01:28:55.199] [main/INFO] [Railways/MultiRegistryCallback/]: Running callback for create:sliding_door and railways:light_blue_sliding_locometal_door
[04May2026 01:28:55.199] [main/INFO] [Railways/MultiRegistryCallback/]: Running callback for create:sliding_door and railways:light_blue_folding_locometal_door
[04May2026 01:28:55.199] [main/INFO] [Railways/MultiRegistryCallback/]: Running callback for create:sliding_door and railways:blue_sliding_locometal_door
[04May2026 01:28:55.199] [main/INFO] [Railways/MultiRegistryCallback/]: Running callback for create:sliding_door and railways:blue_folding_locometal_door
[04May2026 01:28:55.199] [main/INFO] [Railways/MultiRegistryCallback/]: Running callback for create:sliding_door and railways:royal_blue_sliding_locometal_door
[04May2026 01:28:55.199] [main/INFO] [Railways/MultiRegistryCallback/]: Running callback for create:sliding_door and railways:royal_blue_folding_locometal_door
[04May2026 01:28:55.199] [main/INFO] [Railways/MultiRegistryCallback/]: Running callback for create:sliding_door and railways:purple_sliding_locometal_door
[04May2026 01:28:55.199] [main/INFO] [Railways/MultiRegistryCallback/]: Running callback for create:sliding_door and railways:purple_folding_locometal_door
[04May2026 01:28:55.199] [main/INFO] [Railways/MultiRegistryCallback/]: Running callback for create:sliding_door and railways:magenta_sliding_locometal_door
[04May2026 01:28:55.199] [main/INFO] [Railways/MultiRegistryCallback/]: Running callback for create:sliding_door and railways:magenta_folding_locometal_door
[04May2026 01:28:55.199] [main/INFO] [Railways/MultiRegistryCallback/]: Running callback for create:sliding_door and railways:pink_sliding_locometal_door
[04May2026 01:28:55.200] [main/INFO] [Railways/MultiRegistryCallback/]: Running callback for create:sliding_door and railways:pink_folding_locometal_door
[04May2026 01:28:55.200] [main/INFO] [Railways/MultiRegistryCallback/]: Running callback for create:sliding_door and railways:white_sliding_locometal_door
[04May2026 01:28:55.200] [main/INFO] [Railways/MultiRegistryCallback/]: Running callback for create:sliding_door and railways:white_folding_locometal_door
[04May2026 01:28:55.200] [main/INFO] [Railways/MultiRegistryCallback/]: Running callback for create:sliding_door and railways:diorite_sliding_locometal_door
[04May2026 01:28:55.200] [main/INFO] [Railways/MultiRegistryCallback/]: Running callback for create:sliding_door and railways:diorite_folding_locometal_door
[04May2026 01:28:55.200] [main/INFO] [Railways/MultiRegistryCallback/]: Running callback for create:sliding_door and railways:limestone_sliding_locometal_door
[04May2026 01:28:55.200] [main/INFO] [Railways/MultiRegistryCallback/]: Running callback for create:sliding_door and railways:limestone_folding_locometal_door
[04May2026 01:28:55.200] [main/INFO] [Railways/MultiRegistryCallback/]: Running callback for create:sliding_door and railways:light_gray_sliding_locometal_door
[04May2026 01:28:55.200] [main/INFO] [Railways/MultiRegistryCallback/]: Running callback for create:sliding_door and railways:light_gray_folding_locometal_door
[04May2026 01:28:55.200] [main/INFO] [Railways/MultiRegistryCallback/]: Running callback for create:sliding_door and railways:tuff_sliding_locometal_door
[04May2026 01:28:55.200] [main/INFO] [Railways/MultiRegistryCallback/]: Running callback for create:sliding_door and railways:tuff_folding_locometal_door
[04May2026 01:28:55.200] [main/INFO] [Railways/MultiRegistryCallback/]: Running callback for create:sliding_door and railways:gray_sliding_locometal_door
[04May2026 01:28:55.200] [main/INFO] [Railways/MultiRegistryCallback/]: Running callback for create:sliding_door and railways:gray_folding_locometal_door
[04May2026 01:28:55.200] [main/INFO] [Railways/MultiRegistryCallback/]: Running callback for create:sliding_door and railways:scorchia_sliding_locometal_door
[04May2026 01:28:55.200] [main/INFO] [Railways/MultiRegistryCallback/]: Running callback for create:sliding_door and railways:scorchia_folding_locometal_door
[04May2026 01:28:55.200] [main/INFO] [Railways/MultiRegistryCallback/]: Running callback for create:sliding_door and railways:black_sliding_locometal_door
[04May2026 01:28:55.200] [main/INFO] [Railways/MultiRegistryCallback/]: Running callback for create:sliding_door and railways:black_folding_locometal_door
[04May2026 01:28:55.200] [main/INFO] [Railways/MultiRegistryCallback/]: Running callback for create:copycat and railways:conductor_vent
[04May2026 01:28:55.952] [main/INFO] [dev.gigaherz.jsonthings.things.parsers.CreativeModeTabParser/]: Started registering Item things, errors about unexpected registry domains are harmless...
[04May2026 01:28:55.953] [main/INFO] [dev.gigaherz.jsonthings.things.parsers.CreativeModeTabParser/]: Done processing thingpack CreativeModeTabs.
[04May2026 01:28:55.967] [main/INFO] [Railways/MultiRegistryCallback/]: Running callback for create:track_signal and railways:track_signal_source
[04May2026 01:28:55.967] [main/INFO] [Railways/MultiRegistryCallback/]: Running finalizers
[04May2026 01:28:56.023] [main/INFO] [dev.gigaherz.jsonthings.things.parsers.FluidTypeParser/]: Started registering FluidType things, errors about unexpected registry domains are harmless...
[04May2026 01:28:56.023] [main/INFO] [dev.gigaherz.jsonthings.things.parsers.FluidTypeParser/]: Done processing thingpack FluidTypes.
[04May2026 01:28:56.156] [main/WARN] [net.minecraft.network.syncher.SynchedEntityData/]: defineId called for: class com.github.alexmodguy.alexscaves.server.entity.living.TremorzillaEntity from class com.github.alexmodguy.alexscaves.server.entity.living.LicowitchEntity
[04May2026 01:28:56.657] [modloading-worker-0/INFO] [com.connectivity.Connectivity/]: Connectivity initialized
[04May2026 01:28:56.656] [modloading-worker-0/INFO] [com.structureessentials.StructureEssentials/]: structureessentials mod initialized
[04May2026 01:28:56.674] [modloading-worker-0/INFO] [com.lootintegrations.LootintegrationsMod/]: lootintegrations mod initialized
[04May2026 01:28:56.730] [modloading-worker-0/ERROR] [patchouli/]: Failed to load book adamsarsplus:example defined by mod adamsarsplus, skipping
java.lang.IllegalArgumentException: Book adamsarsplus:example has use_resource_pack set to false. This behaviour was removed in 1.20. The book author should enable this flag and move all book contents clientside to /assets/, leaving the book.json in /data/. See https://vazkiimods.github.io/Patchouli/docs/upgrading/upgrade-guide-120 for details.
	at vazkii.patchouli.common.book.Book.<init>(Book.java:145) ~[Patchouli-1.20.1-85-FORGE.jar%23307!/:1.20.1-85-FORGE]
	at vazkii.patchouli.common.book.BookRegistry.loadBook(BookRegistry.java:90) ~[Patchouli-1.20.1-85-FORGE.jar%23307!/:1.20.1-85-FORGE]
	at vazkii.patchouli.common.book.BookRegistry.lambda$init$3(BookRegistry.java:75) ~[Patchouli-1.20.1-85-FORGE.jar%23307!/:1.20.1-85-FORGE]
	at java.util.HashMap.forEach(HashMap.java:1421) ~[?:?]
	at vazkii.patchouli.common.book.BookRegistry.init(BookRegistry.java:70) ~[Patchouli-1.20.1-85-FORGE.jar%23307!/:1.20.1-85-FORGE]
	at vazkii.patchouli.forge.common.ForgeModInitializer.onInitialize(ForgeModInitializer.java:76) ~[Patchouli-1.20.1-85-FORGE.jar%23307!/:1.20.1-85-FORGE]
	at vazkii.patchouli.forge.common.__ForgeModInitializer_onInitialize_FMLCommonSetupEvent.invoke(.dynamic) ~[Patchouli-1.20.1-85-FORGE.jar%23307!/:1.20.1-85-FORGE]
	at net.minecraftforge.eventbus.ASMEventHandler.invoke(ASMEventHandler.java:55) ~[eventbus-6.2.33.jar%2350!/:?]
	at net.minecraftforge.eventbus.EventBus.post(EventBus.java:312) ~[eventbus-6.2.33.jar%2350!/:?]
	at net.minecraftforge.eventbus.EventBus.post(EventBus.java:298) ~[eventbus-6.2.33.jar%2350!/:?]
	at net.minecraftforge.fml.javafmlmod.FMLModContainer.acceptEvent(FMLModContainer.java:121) ~[javafmllanguage-1.20.1-47.4.16.jar%23352!/:?]
	at net.minecraftforge.fml.ModContainer.lambda$buildTransitionHandler$5(ModContainer.java:127) ~[fmlcore-1.20.1-47.4.16.jar%23351!/:?]
	at java.util.concurrent.CompletableFuture$AsyncRun.run(CompletableFuture.java:1804) ~[?:?]
	at java.util.concurrent.CompletableFuture$AsyncRun.exec(CompletableFuture.java:1796) ~[?:?]
	at java.util.concurrent.ForkJoinTask.doExec(ForkJoinTask.java:373) ~[?:?]
	at java.util.concurrent.ForkJoinPool$WorkQueue.topLevelExec(ForkJoinPool.java:1182) ~[?:?]
	at java.util.concurrent.ForkJoinPool.scan(ForkJoinPool.java:1655) ~[?:?]
	at java.util.concurrent.ForkJoinPool.runWorker(ForkJoinPool.java:1622) ~[?:?]
	at java.util.concurrent.ForkJoinWorkerThread.run(ForkJoinWorkerThread.java:165) ~[?:?]
[04May2026 01:28:56.805] [modloading-worker-0/INFO] [com.limitedchunks.LimitedChunks/]: Limited chunkloading initialized
[04May2026 01:28:56.859] [Forge Version Check/INFO] [net.minecraftforge.fml.VersionChecker/]: [krypton_fnp] Starting version check at https://mvnc.pkg.one/update/mod/krypton_fnp/forge_update.json
[04May2026 01:28:56.888] [modloading-worker-0/INFO] [io.github.pouffy.tcompat.TCompat/]: HELLO FROM COMMON SETUP
[04May2026 01:28:56.954] [Forge Version Check/INFO] [net.minecraftforge.fml.VersionChecker/]: [krypton_fnp] Found status: OUTDATED Current: 0.2.28.2-1.20.1 Target: 26.1.0-1.20.1
[04May2026 01:28:56.954] [Forge Version Check/INFO] [net.minecraftforge.fml.VersionChecker/]: [maxhealthfix] Starting version check at https://updates.blamejared.com/get?n=maxhealthfix&gv=1.20.1
[04May2026 01:28:56.965] [modloading-worker-0/INFO] [com.chunksending.ChunkSending/]: chunksending mod initialized
[04May2026 01:28:57.128] [main/INFO] [Moonlight/]: Initialized color sets in 49ms
[04May2026 01:28:57.172] [main/WARN] [AllTheLeaks/]: Failed to get VarHandle for class class com.github.alexthe666.citadel.server.world.CitadelServerData with field dataMap and type interface java.util.Map
[04May2026 01:28:57.172] [main/ERROR] [AllTheLeaks/]: Failed to instantiate constructor.
java.lang.ExceptionInInitializerError: null
	at java.lang.Class.forName0(Native Method) ~[?:?]
	at java.lang.Class.forName(Class.java:377) ~[?:?]
	at dev.uncandango.alltheleaks.leaks.IssueManager.lambda$initiateIssues$3(IssueManager.java:166) ~[alltheleaks-1.1.1+1.20.1-forge.jar%23229!/:1.1.1+1.20.1-forge]
	at java.util.ArrayList.forEach(ArrayList.java:1511) ~[?:?]
	at dev.uncandango.alltheleaks.leaks.IssueManager.initiateIssues(IssueManager.java:164) ~[alltheleaks-1.1.1+1.20.1-forge.jar%23229!/:1.1.1+1.20.1-forge]
	at java.util.concurrent.CompletableFuture$AsyncRun.run(CompletableFuture.java:1804) ~[?:?]
	at net.minecraftforge.fml.DeferredWorkQueue.lambda$makeRunnable$2(DeferredWorkQueue.java:81) ~[fmlcore-1.20.1-47.4.16.jar%23351!/:?]
	at net.minecraftforge.fml.DeferredWorkQueue.makeRunnable(DeferredWorkQueue.java:76) ~[fmlcore-1.20.1-47.4.16.jar%23351!/:?]
	at net.minecraftforge.fml.DeferredWorkQueue.lambda$runTasks$0(DeferredWorkQueue.java:60) ~[fmlcore-1.20.1-47.4.16.jar%23351!/:?]
	at java.util.concurrent.ConcurrentLinkedDeque.forEach(ConcurrentLinkedDeque.java:1650) ~[?:?]
	at net.minecraftforge.fml.DeferredWorkQueue.runTasks(DeferredWorkQueue.java:60) ~[fmlcore-1.20.1-47.4.16.jar%23351!/:?]
	at net.minecraftforge.fml.core.ParallelTransition.lambda$finalActivityGenerator$2(ParallelTransition.java:35) ~[forge-1.20.1-47.4.16-universal.jar%23355!/:?]
	at java.util.concurrent.CompletableFuture$UniApply.tryFire(CompletableFuture.java:646) ~[?:?]
	at java.util.concurrent.CompletableFuture$Completion.run(CompletableFuture.java:482) ~[?:?]
	at net.minecraftforge.fml.ModWorkManager$SyncExecutor.driveOne(ModWorkManager.java:43) ~[fmlcore-1.20.1-47.4.16.jar%23351!/:?]
	at net.minecraftforge.fml.ModWorkManager$DrivenExecutor.drive(ModWorkManager.java:28) ~[fmlcore-1.20.1-47.4.16.jar%23351!/:?]
	at net.minecraftforge.fml.ModLoader.waitForTransition(ModLoader.java:224) ~[fmlcore-1.20.1-47.4.16.jar%23351!/:?]
	at net.minecraftforge.fml.ModLoader.lambda$dispatchAndHandleError$20(ModLoader.java:210) ~[fmlcore-1.20.1-47.4.16.jar%23351!/:?]
	at java.util.Optional.ifPresent(Optional.java:178) ~[?:?]
	at net.minecraftforge.fml.ModLoader.dispatchAndHandleError(ModLoader.java:210) ~[fmlcore-1.20.1-47.4.16.jar%23351!/:?]
	at net.minecraftforge.fml.ModLoader.lambda$loadMods$15(ModLoader.java:190) ~[fmlcore-1.20.1-47.4.16.jar%23351!/:?]
	at java.lang.Iterable.forEach(Iterable.java:75) ~[?:?]
	at net.minecraftforge.fml.ModLoader.loadMods(ModLoader.java:190) ~[fmlcore-1.20.1-47.4.16.jar%23351!/:?]
	at net.minecraftforge.server.loading.ServerModLoader.load(ServerModLoader.java:31) ~[forge-1.20.1-47.4.16-universal.jar%23355!/:?]
	at net.minecraft.server.Main.main(Main.java:125) ~[server-1.20.1-20230612.114412-srg.jar%23350!/:?]
	at jdk.internal.reflect.NativeMethodAccessorImpl.invoke0(Native Method) ~[?:?]
	at jdk.internal.reflect.NativeMethodAccessorImpl.invoke(NativeMethodAccessorImpl.java:77) ~[?:?]
	at jdk.internal.reflect.DelegatingMethodAccessorImpl.invoke(DelegatingMethodAccessorImpl.java:43) ~[?:?]
	at java.lang.reflect.Method.invoke(Method.java:569) ~[?:?]
	at net.minecraftforge.fml.loading.targets.CommonLaunchHandler.runTarget(CommonLaunchHandler.java:111) ~[fmlloader-1.20.1-47.4.16.jar%2367!/:?]
	at net.minecraftforge.fml.loading.targets.CommonLaunchHandler.serverService(CommonLaunchHandler.java:103) ~[fmlloader-1.20.1-47.4.16.jar%2367!/:?]
	at net.minecraftforge.fml.loading.targets.CommonServerLaunchHandler.lambda$makeService$0(CommonServerLaunchHandler.java:27) ~[fmlloader-1.20.1-47.4.16.jar%2367!/:?]
	at cpw.mods.modlauncher.LaunchServiceHandlerDecorator.launch(LaunchServiceHandlerDecorator.java:30) ~[modlauncher-10.0.9.jar%2353!/:?]
	at cpw.mods.modlauncher.LaunchServiceHandler.launch(LaunchServiceHandler.java:53) ~[modlauncher-10.0.9.jar%2353!/:?]
	at cpw.mods.modlauncher.LaunchServiceHandler.launch(LaunchServiceHandler.java:71) ~[modlauncher-10.0.9.jar%2353!/:?]
	at cpw.mods.modlauncher.Launcher.run(Launcher.java:108) ~[modlauncher-10.0.9.jar%2353!/:?]
	at cpw.mods.modlauncher.Launcher.main(Launcher.java:78) ~[modlauncher-10.0.9.jar%2353!/:?]
	at cpw.mods.modlauncher.BootstrapLaunchConsumer.accept(BootstrapLaunchConsumer.java:26) ~[modlauncher-10.0.9.jar%2353!/:?]
	at cpw.mods.modlauncher.BootstrapLaunchConsumer.accept(BootstrapLaunchConsumer.java:23) ~[modlauncher-10.0.9.jar%2353!/:?]
	at cpw.mods.bootstraplauncher.BootstrapLauncher.main(BootstrapLauncher.java:141) ~[bootstraplauncher-1.1.2.jar:?]
Caused by: java.lang.RuntimeException: VarHandler is null
	at dev.uncandango.alltheleaks.utils.ReflectionHelper.getFieldFromClass(ReflectionHelper.java:132) ~[alltheleaks-1.1.1+1.20.1-forge.jar%23229!/:1.1.1+1.20.1-forge]
	at dev.uncandango.alltheleaks.leaks.common.mods.citadel.UntrackedIssue001.<clinit>(UntrackedIssue001.java:17) ~[alltheleaks-1.1.1+1.20.1-forge.jar%23229!/:1.1.1+1.20.1-forge]
	... 40 more
[04May2026 01:28:57.198] [main/INFO] [terrablender/]: Registered region minecraft:overworld to index 0 for type OVERWORLD
[04May2026 01:28:57.198] [main/INFO] [terrablender/]: Registered region minecraft:nether to index 0 for type NETHER
[04May2026 01:28:57.198] [main/INFO] [terrablender/]: Registered region ars_nouveau:overworld to index 1 for type OVERWORLD
[04May2026 01:28:57.265] [main/INFO] [zeta/]: Common setup: Performing initial refresh of zeta's config on thread 'main'
[04May2026 01:28:57.265] [main/INFO] [zeta/]: 'zeta' is enabling Zeta's piston structure resolver.
[04May2026 01:28:57.266] [main/INFO] [zeta/]: Waiting for server start before accepting filewatcher changes to zeta's config
[04May2026 01:28:57.267] [main/INFO] [terrablender/]: Registered region quark:biome_provider to index 2 for type OVERWORLD
[04May2026 01:28:57.267] [main/INFO] [quark-zeta/]: Common setup: Performing initial refresh of quark's config on thread 'main'
[04May2026 01:28:57.283] [main/INFO] [quark-zeta/]: Waiting for server start before accepting filewatcher changes to quark's config
[04May2026 01:28:57.327] [main/INFO] [Supplementaries/]: Finished mod setup in: [24, 2, 0, 0, 0, 0, 10, 0] ms
[04May2026 01:28:57.353] [Forge Version Check/INFO] [net.minecraftforge.fml.VersionChecker/]: [maxhealthfix] Found status: BETA Current: 12.0.4 Target: 12.0.4
[04May2026 01:28:57.353] [Forge Version Check/INFO] [net.minecraftforge.fml.VersionChecker/]: [bookshelf] Starting version check at https://updates.blamejared.com/get?n=bookshelf&gv=1.20.1
[04May2026 01:28:57.450] [Forge Version Check/INFO] [net.minecraftforge.fml.VersionChecker/]: [bookshelf] Found status: BETA Current: 20.2.15 Target: 20.2.15
[04May2026 01:28:57.450] [Forge Version Check/INFO] [net.minecraftforge.fml.VersionChecker/]: [villagertools] Starting version check at https://raw.githubusercontent.com/Lothrazar/VillagerTools/trunk/1.19/update.json
[04May2026 01:28:57.482] [Forge Version Check/INFO] [net.minecraftforge.fml.VersionChecker/]: [villagertools] Found status: BETA Current: 1.0.3 Target: null
[04May2026 01:28:57.482] [Forge Version Check/INFO] [net.minecraftforge.fml.VersionChecker/]: [smallships] Starting version check at https://raw.githubusercontent.com/talhanation/smallships/main/update.json
[04May2026 01:28:57.494] [Forge Version Check/INFO] [net.minecraftforge.fml.VersionChecker/]: [smallships] Found status: UP_TO_DATE Current: 2.0.0-b1.4 Target: null
[04May2026 01:28:57.494] [Forge Version Check/INFO] [net.minecraftforge.fml.VersionChecker/]: [attributefix] Starting version check at https://updates.blamejared.com/get?n=attributefix&gv=1.20.1
[04May2026 01:28:57.591] [Forge Version Check/INFO] [net.minecraftforge.fml.VersionChecker/]: [attributefix] Found status: BETA Current: 21.0.5 Target: 21.0.5
[04May2026 01:28:57.591] [Forge Version Check/INFO] [net.minecraftforge.fml.VersionChecker/]: [clumps] Starting version check at https://updates.blamejared.com/get?n=clumps&gv=1.20.1
[04May2026 01:28:57.687] [Forge Version Check/INFO] [net.minecraftforge.fml.VersionChecker/]: [clumps] Found status: BETA Current: 12.0.0.4 Target: 12.0.0.4
[04May2026 01:28:57.687] [Forge Version Check/INFO] [net.minecraftforge.fml.VersionChecker/]: [nirvana] Starting version check at https://api.modrinth.com/updates/nirvana-mod/forge_updates.json
[04May2026 01:28:57.726] [modloading-worker-0/INFO] [AttributeFix/]: Loaded values for 79 compatible attributes.
[04May2026 01:28:57.737] [modloading-worker-0/WARN] [AttributeFix/]: Attribute ID 'dungeons_and_combat:action_state' does not belong to a known attribute. This entry will be ignored.
[04May2026 01:28:57.737] [modloading-worker-0/INFO] [AttributeFix/]: Loaded 80 values from config.
[04May2026 01:28:57.754] [modloading-worker-0/INFO] [AttributeFix/]: Saving config file. 80 entries.
[04May2026 01:28:57.754] [modloading-worker-0/INFO] [AttributeFix/]: Applying changes for 80 attributes.
[04May2026 01:28:57.773] [Forge Version Check/INFO] [net.minecraftforge.fml.VersionChecker/]: [nirvana] Found status: UP_TO_DATE Current: 1.2.5 Target: null
[04May2026 01:28:57.773] [Forge Version Check/INFO] [net.minecraftforge.fml.VersionChecker/]: [puzzlesaccessapi] Starting version check at https://raw.githubusercontent.com/Fuzss/modresources/main/update/puzzlesaccessapi.json
[04May2026 01:28:57.775] [main/INFO] [citadel/]: adding citadel surface rules via terrablender...
[04May2026 01:28:57.776] [main/INFO] [citadel/]: Added 0 vanilla biome surface rule types via terrablender
[04May2026 01:28:57.777] [main/INFO] [citadel/]: Added 1 modded biome surface rule types via terrablender
[04May2026 01:28:57.784] [Forge Version Check/INFO] [net.minecraftforge.fml.VersionChecker/]: [puzzlesaccessapi] Found status: BETA Current: 20.1.1 Target: null
[04May2026 01:28:57.784] [Forge Version Check/INFO] [net.minecraftforge.fml.VersionChecker/]: [forge] Starting version check at https://files.minecraftforge.net/net/minecraftforge/forge/promotions_slim.json
[04May2026 01:28:57.898] [Forge Version Check/INFO] [net.minecraftforge.fml.VersionChecker/]: [forge] Found status: OUTDATED Current: 47.4.16 Target: 47.4.20
[04May2026 01:28:57.898] [Forge Version Check/INFO] [net.minecraftforge.fml.VersionChecker/]: [tcintegrations] Starting version check at https://raw.githubusercontent.com/wendall911/TCIntegrations/1.20.1/files/updates.json
[04May2026 01:28:57.910] [Forge Version Check/INFO] [net.minecraftforge.fml.VersionChecker/]: [tcintegrations] Found status: UP_TO_DATE Current: 2.0.25.19 Target: null
[04May2026 01:28:57.911] [Forge Version Check/INFO] [net.minecraftforge.fml.VersionChecker/]: [moonlight] Starting version check at https://api.modrinth.com/updates/moonlight/forge_updates.json
[04May2026 01:28:57.955] [Forge Version Check/INFO] [net.minecraftforge.fml.VersionChecker/]: [moonlight] Found status: OUTDATED Current: 1.20-2.16.28 Target: 1.20-2.16.30-forge
[04May2026 01:28:57.955] [Forge Version Check/INFO] [net.minecraftforge.fml.VersionChecker/]: [gravestone] Starting version check at https://update.maxhenkel.de/forge/gravestone
[04May2026 01:28:58.462] [Forge Version Check/INFO] [net.minecraftforge.fml.VersionChecker/]: [gravestone] Found status: AHEAD Current: 1.20.1-1.0.35 Target: null
[04May2026 01:28:58.463] [Forge Version Check/INFO] [net.minecraftforge.fml.VersionChecker/]: [supplementaries] Starting version check at https://api.modrinth.com/updates/supplementaries/forge_updates.json
[04May2026 01:28:58.509] [Forge Version Check/INFO] [net.minecraftforge.fml.VersionChecker/]: [supplementaries] Found status: OUTDATED Current: 1.20-3.1.42 Target: 1.20-3.1.43-forge
[04May2026 01:28:58.510] [Forge Version Check/INFO] [net.minecraftforge.fml.VersionChecker/]: [puzzleslib] Starting version check at https://raw.githubusercontent.com/Fuzss/modresources/main/update/puzzleslib.json
[04May2026 01:28:58.519] [Forge Version Check/INFO] [net.minecraftforge.fml.VersionChecker/]: [puzzleslib] Found status: UP_TO_DATE Current: 8.1.33 Target: null
[04May2026 01:28:58.519] [Forge Version Check/INFO] [net.minecraftforge.fml.VersionChecker/]: [aquamirae] Starting version check at https://raw.githubusercontent.com/ObscuriaLithium/Minecraft/main/aquamirae/versions.json
[04May2026 01:28:58.529] [Forge Version Check/INFO] [net.minecraftforge.fml.VersionChecker/]: [aquamirae] Found status: UP_TO_DATE Current: 6.2.0 Target: null
[04May2026 01:28:58.529] [Forge Version Check/INFO] [net.minecraftforge.fml.VersionChecker/]: [ad_astra] Starting version check at https://api.modrinth.com/updates/3ufwT9JF/forge_updates.json
[04May2026 01:28:58.560] [Forge Version Check/INFO] [net.minecraftforge.fml.VersionChecker/]: [ad_astra] Found status: UP_TO_DATE Current: 1.15.20 Target: null
[04May2026 01:28:58.612] [main/WARN] [net.minecraftforge.server.loading.ServerModLoader/LOADING]: Mods loaded with 2 warnings
[04May2026 01:28:58.615] [main/WARN] [net.minecraftforge.server.loading.ServerModLoader/LOADING]: modernfix.no_ferritecore
[04May2026 01:28:58.616] [main/WARN] [net.minecraftforge.server.loading.ServerModLoader/LOADING]: modernfix.perf_mod_warning
[04May2026 01:28:58.645] [main/INFO] [com.mojang.authlib.yggdrasil.YggdrasilAuthenticationService/]: Environment: authHost='https://authserver.mojang.com', accountsHost='https://api.mojang.com', sessionHost='https://sessionserver.mojang.com', servicesHost='https://api.minecraftservices.com', name='PROD'
[04May2026 01:28:59.287] [main/WARN] [net.minecraft.server.packs.VanillaPackResourcesBuilder/]: Assets URL 'union:/workspaces/Pruebas-extras/servidor_minecraft/libraries/net/minecraft/server/1.20.1-20230612.114412/server-1.20.1-20230612.114412-srg.jar%23350!/assets/.mcassetsroot' uses unexpected schema
[04May2026 01:28:59.287] [main/WARN] [net.minecraft.server.packs.VanillaPackResourcesBuilder/]: Assets URL 'union:/workspaces/Pruebas-extras/servidor_minecraft/libraries/net/minecraft/server/1.20.1-20230612.114412/server-1.20.1-20230612.114412-srg.jar%23350!/data/.mcassetsroot' uses unexpected schema
[04May2026 01:28:59.288] [main/ERROR] [net.minecraft.server.packs.VanillaPackResourcesBuilder/]: File /things/.mcassetsroot does not exist in classpath
[04May2026 01:28:59.492] [main/INFO] [com.simibubi.create.Create/]: Created 309 recipes which will be injected into the game
[04May2026 01:28:59.502] [main/INFO] [com.simibubi.create.Create/]: Created 3 tags which will be injected into the game
[04May2026 01:28:59.583] [main/INFO] [Moonlight/]: Starting runtime resource generation for pack type SERVER_DATA with generators from mods [supplementaries]: [net.mehvahdjukaar.supplementaries.dynamicpack.ServerDynamicResourcesGenerator@3e9cfaa7]
[04May2026 01:28:59.583] [main/INFO] [Moonlight/]: Generating runtime assets for pack Supplementaries Generated Pack (supplementaries)
[04May2026 01:28:59.670] [main/INFO] [Supplementaries/]: Generated runtime SERVER_DATA for pack Supplementaries Generated Pack (supplementaries) in: 86 ms (multithreaded)
[04May2026 01:28:59.670] [main/INFO] [Moonlight/]: Finished runtime resources generation for 1 packs in a total of 87 ms
[04May2026 01:29:01.080] [main/INFO] [com.cupboard.Cupboard/]: Loaded config for: connectivity.json
[04May2026 01:29:02.298] [main/INFO] [AE2:C/]: Scanning class appeng.server.testplots.TestPlots for plots
[04May2026 01:29:02.301] [main/INFO] [AE2:C/]: Scanning class appeng.server.testplots.AutoCraftingTestPlots for plots
[04May2026 01:29:02.301] [main/INFO] [AE2:C/]: Scanning class appeng.server.testplots.InscriberTestPlots for plots
[04May2026 01:29:02.311] [main/INFO] [AE2:C/]: Scanning class appeng.server.testplots.P2PTestPlots for plots
[04May2026 01:29:02.311] [main/INFO] [AE2:C/]: Scanning class appeng.server.testplots.ItemP2PTestPlots for plots
[04May2026 01:29:02.311] [main/INFO] [AE2:C/]: Scanning class appeng.server.testplots.MemoryCardTestPlots for plots
[04May2026 01:29:02.312] [main/INFO] [AE2:C/]: Scanning class appeng.server.testplots.PatternProviderLockModePlots for plots
[04May2026 01:29:02.312] [main/INFO] [AE2:C/]: Scanning class appeng.server.testplots.PatternProviderPlots for plots
[04May2026 01:29:02.313] [main/INFO] [AE2:C/]: Scanning class appeng.server.testplots.SpatialTestPlots for plots
[04May2026 01:29:02.313] [main/INFO] [AE2:C/]: Scanning class appeng.server.testplots.QnbTestPlots for plots
[04May2026 01:29:02.313] [main/INFO] [AE2:C/]: Scanning class appeng.server.testplots.GuidebookPlot for plots
[04May2026 01:29:02.313] [main/INFO] [AE2:C/]: Scanning class appeng.server.testplots.SubnetPlots for plots
[04May2026 01:29:02.314] [main/INFO] [AE2:C/]: Scanning class appeng.server.testplots.ChannelTests for plots
[04May2026 01:29:02.314] [main/INFO] [AE2:C/]: Scanning class appeng.server.testplots.AnnihilationPlaneTests for plots
[04May2026 01:29:02.411] [main/INFO] [com.github.alexthe666.alexsmobs.AlexsMobs/]: Adding datapack listener capsid_recipes
[04May2026 01:29:02.475] [Worker-Main-3/ERROR] [net.minecraft.tags.TagLoader/]: Couldn't load tag minecraft:village as it is missing following references: integrated_villages:swamp_village (from integrated_villages-1.3.2+1.20.1-forge.jar)
[04May2026 01:29:02.476] [Worker-Main-3/ERROR] [net.minecraft.tags.TagLoader/]: Couldn't load tag supplementaries:way_sign_destinations as it is missing following references: #minecraft:village (from supplementaries-1.20-3.1.42-forge.jar)
[04May2026 01:29:02.476] [Worker-Main-3/ERROR] [net.minecraft.tags.TagLoader/]: Couldn't load tag supplementaries:adventure_map_destinations as it is missing following references: #minecraft:village (from supplementaries-1.20-3.1.42-forge.jar)
[04May2026 01:29:02.519] [Worker-Main-2/ERROR] [net.minecraft.tags.TagLoader/]: Couldn't load tag tcompat:molten_stratus as it is missing following references: tcompat:molten_stratus (from tcompat-1.20.1-1.3.1.jar), 
	tcompat:flowing_molten_stratus (from tcompat-1.20.1-1.3.1.jar)
[04May2026 01:29:02.519] [Worker-Main-2/ERROR] [net.minecraft.tags.TagLoader/]: Couldn't load tag forge:molten_stratus as it is missing following references: #tcompat:molten_stratus (from tcompat-1.20.1-1.3.1.jar)
[04May2026 01:29:02.522] [Worker-Main-2/ERROR] [net.minecraft.tags.TagLoader/]: Couldn't load tag tcompat:molten_valkyrum as it is missing following references: tcompat:molten_valkyrum (from tcompat-1.20.1-1.3.1.jar), 
	tcompat:flowing_molten_valkyrum (from tcompat-1.20.1-1.3.1.jar)
[04May2026 01:29:02.523] [Worker-Main-2/ERROR] [net.minecraft.tags.TagLoader/]: Couldn't load tag forge:molten_valkyrum as it is missing following references: #tcompat:molten_valkyrum (from tcompat-1.20.1-1.3.1.jar)
[04May2026 01:29:02.523] [Worker-Main-2/ERROR] [net.minecraft.tags.TagLoader/]: Couldn't load tag tcompat:molten_zanite as it is missing following references: tcompat:molten_zanite (from tcompat-1.20.1-1.3.1.jar), 
	tcompat:flowing_molten_zanite (from tcompat-1.20.1-1.3.1.jar)
[04May2026 01:29:02.523] [Worker-Main-2/ERROR] [net.minecraft.tags.TagLoader/]: Couldn't load tag forge:molten_zanite as it is missing following references: #tcompat:molten_zanite (from tcompat-1.20.1-1.3.1.jar)
[04May2026 01:29:02.524] [Worker-Main-2/ERROR] [net.minecraft.tags.TagLoader/]: Couldn't load tag tcompat:molten_skyjade as it is missing following references: tcompat:molten_skyjade (from tcompat-1.20.1-1.3.1.jar), 
	tcompat:flowing_molten_skyjade (from tcompat-1.20.1-1.3.1.jar)
[04May2026 01:29:02.524] [Worker-Main-2/ERROR] [net.minecraft.tags.TagLoader/]: Couldn't load tag forge:molten_skyjade as it is missing following references: #tcompat:molten_skyjade (from tcompat-1.20.1-1.3.1.jar)
[04May2026 01:29:02.524] [Worker-Main-2/ERROR] [net.minecraft.tags.TagLoader/]: Couldn't load tag tcompat:molten_gravitite as it is missing following references: tcompat:molten_gravitite (from tcompat-1.20.1-1.3.1.jar), 
	tcompat:flowing_molten_gravitite (from tcompat-1.20.1-1.3.1.jar)
[04May2026 01:29:02.525] [Worker-Main-2/ERROR] [net.minecraft.tags.TagLoader/]: Couldn't load tag forge:molten_gravitite as it is missing following references: #tcompat:molten_gravitite (from tcompat-1.20.1-1.3.1.jar)
[04May2026 01:29:02.525] [Worker-Main-2/ERROR] [net.minecraft.tags.TagLoader/]: Couldn't load tag tcompat:molten_refined_sentrite as it is missing following references: tcompat:molten_refined_sentrite (from tcompat-1.20.1-1.3.1.jar), 
	tcompat:flowing_molten_refined_sentrite (from tcompat-1.20.1-1.3.1.jar)
[04May2026 01:29:02.525] [Worker-Main-2/ERROR] [net.minecraft.tags.TagLoader/]: Couldn't load tag forge:molten_refined_sentrite as it is missing following references: #tcompat:molten_refined_sentrite (from tcompat-1.20.1-1.3.1.jar)
[04May2026 01:29:02.526] [Worker-Main-2/ERROR] [net.minecraft.tags.TagLoader/]: Couldn't load tag tcompat:molten_neptune as it is missing following references: tcompat:molten_neptune (from tcompat-1.20.1-1.3.1.jar), 
	tcompat:flowing_molten_neptune (from tcompat-1.20.1-1.3.1.jar)
[04May2026 01:29:02.526] [Worker-Main-2/ERROR] [net.minecraft.tags.TagLoader/]: Couldn't load tag forge:molten_neptune as it is missing following references: #tcompat:molten_neptune (from tcompat-1.20.1-1.3.1.jar)
[04May2026 01:29:02.526] [Worker-Main-2/ERROR] [net.minecraft.tags.TagLoader/]: Couldn't load tag tcompat:molten_veridium as it is missing following references: tcompat:molten_veridium (from tcompat-1.20.1-1.3.1.jar), 
	tcompat:flowing_molten_veridium (from tcompat-1.20.1-1.3.1.jar)
[04May2026 01:29:02.526] [Worker-Main-2/ERROR] [net.minecraft.tags.TagLoader/]: Couldn't load tag forge:molten_veridium as it is missing following references: #tcompat:molten_veridium (from tcompat-1.20.1-1.3.1.jar)
[04May2026 01:29:02.527] [Worker-Main-2/ERROR] [net.minecraft.tags.TagLoader/]: Couldn't load tag tcompat:molten_pyral as it is missing following references: tcompat:molten_pyral (from tcompat-1.20.1-1.3.1.jar), 
	tcompat:flowing_molten_pyral (from tcompat-1.20.1-1.3.1.jar)
[04May2026 01:29:02.527] [Worker-Main-2/ERROR] [net.minecraft.tags.TagLoader/]: Couldn't load tag forge:molten_pyral as it is missing following references: #tcompat:molten_pyral (from tcompat-1.20.1-1.3.1.jar)
[04May2026 01:29:02.527] [Worker-Main-2/ERROR] [net.minecraft.tags.TagLoader/]: Couldn't load tag tconstruct:tooltips/metal as it is missing following references: #forge:molten_gravitite (from tcompat-1.20.1-1.3.1.jar), 
	#forge:molten_stratus (from tcompat-1.20.1-1.3.1.jar), 
	#forge:molten_veridium (from tcompat-1.20.1-1.3.1.jar), 
	#forge:molten_refined_sentrite (from tcompat-1.20.1-1.3.1.jar), 
	#forge:molten_valkyrum (from tcompat-1.20.1-1.3.1.jar), 
	#forge:molten_pyral (from tcompat-1.20.1-1.3.1.jar), 
	#forge:molten_neptune (from tcompat-1.20.1-1.3.1.jar), 
	#forge:molten_skyjade (from tcompat-1.20.1-1.3.1.jar), 
	#forge:molten_zanite (from tcompat-1.20.1-1.3.1.jar)
[04May2026 01:29:02.601] [Worker-Main-3/ERROR] [net.minecraft.tags.TagLoader/]: Not a JSON object: null
[04May2026 01:29:02.601] [Worker-Main-3/ERROR] [net.minecraft.tags.TagLoader/]: Couldn't read tag list forge:buckets/sulfuric_acid from forge:tags/items/buckets/sulfuric_acid.json in data pack tfmg-1.0.2f.jar
java.lang.RuntimeException: Not a JSON object: null
	at com.mojang.serialization.DataResult.lambda$getOrThrow$5(DataResult.java:101) ~[datafixerupper-6.0.8.jar%2375!/:?]
	at com.mojang.datafixers.util.Either$Right.map(Either.java:99) ~[datafixerupper-6.0.8.jar%2375!/:?]
	at com.mojang.serialization.DataResult.getOrThrow(DataResult.java:93) ~[datafixerupper-6.0.8.jar%2375!/:?]
	at net.minecraft.tags.TagLoader.m_144495_(TagLoader.java:53) ~[server-1.20.1-20230612.114412-srg.jar%23350!/:?]
	at net.minecraft.tags.TagLoader.m_203900_(TagLoader.java:114) ~[server-1.20.1-20230612.114412-srg.jar%23350!/:?]
	at net.minecraft.tags.TagManager.m_203920_(TagManager.java:55) ~[server-1.20.1-20230612.114412-srg.jar%23350!/:?]
	at java.util.concurrent.CompletableFuture$AsyncSupply.run(CompletableFuture.java:1768) ~[?:?]
	at java.util.concurrent.CompletableFuture$AsyncSupply.exec(CompletableFuture.java:1760) ~[?:?]
	at java.util.concurrent.ForkJoinTask.doExec(ForkJoinTask.java:373) ~[?:?]
	at java.util.concurrent.ForkJoinPool$WorkQueue.topLevelExec(ForkJoinPool.java:1182) ~[?:?]
	at java.util.concurrent.ForkJoinPool.scan(ForkJoinPool.java:1655) ~[?:?]
	at java.util.concurrent.ForkJoinPool.runWorker(ForkJoinPool.java:1622) ~[?:?]
	at java.util.concurrent.ForkJoinWorkerThread.run(ForkJoinWorkerThread.java:165) ~[?:?]
[04May2026 01:29:02.605] [Worker-Main-1/ERROR] [net.minecraft.tags.TagLoader/]: Couldn't load tag idas:has_structure/byg_redwood_biomes as it is missing following references: byg:redwood_thicket (from idas_forge-1.13.0+1.20.1.jar)
[04May2026 01:29:02.606] [Worker-Main-1/ERROR] [net.minecraft.tags.TagLoader/]: Couldn't load tag idas:has_structure/bopmohogany_biomes as it is missing following references: biomesoplenty:rainforest (from idas_forge-1.13.0+1.20.1.jar)
[04May2026 01:29:02.618] [Worker-Main-1/ERROR] [net.minecraft.tags.TagLoader/]: Couldn't load tag idas:has_structure/bygmohogany_biomes as it is missing following references: byg:tropical_rainforest (from idas_forge-1.13.0+1.20.1.jar)
[04May2026 01:29:02.622] [Worker-Main-1/ERROR] [net.minecraft.tags.TagLoader/]: Couldn't load tag idas:has_structure/bopredwood_biomes as it is missing following references: biomesoplenty:redwood_forest (from idas_forge-1.13.0+1.20.1.jar)
[04May2026 01:29:03.101] [Worker-Main-2/WARN] [AlmostUnified/]: The following tags are invalid and will be ignored: [forge:nuggets/emerald, forge:rods/tin, forge:storage_blocks/elementium, forge:rods/ruby, forge:raw_materials/obsidian, forge:dusts/steel, forge:raw_materials/bitumen, forge:storage_blocks/raw_diamond, forge:rods/brass, forge:dusts/signalum, forge:wires/emerald, forge:gears/gold, forge:wires/uranium, forge:dusts/amber, forge:gems/nickel, forge:plates/charcoal, forge:rods/signalum, forge:nuggets/cinnabar, forge:dusts/silver, forge:rods/cobalt, forge:gems/uranium, forge:storage_blocks/raw_chrome, forge:gems/iron, forge:rods/bitumen, forge:storage_blocks/raw_bronze, forge:rods/constantan, forge:ores/enderium, forge:ores/apatite, forge:wires/cobalt, forge:rods/nickel, forge:rods/mithril, forge:ores/obsidian, forge:rods/osmium, forge:dusts/tungsten, forge:gems/peridot, forge:gems/cobalt, forge:ingots/amber, forge:wires/graphite, forge:gears/copper, forge:gears/invar, forge:gears/iron, forge:rods/netherite, forge:storage_blocks/raw_enderium, forge:gears/brass, forge:ores/coal_coke, forge:storage_blocks/lumium, forge:wires/peridot, forge:dusts/iron, forge:raw_materials/sapphire, forge:gears/electrum, forge:storage_blocks/coal_coke, forge:raw_materials/amber, forge:nuggets/aeternium, forge:nuggets/elementium, forge:rods/silver, forge:storage_blocks/raw_elementium, forge:plates/lapis, forge:plates/invar, forge:storage_blocks/amber, forge:dusts/zinc, forge:gears/lapis, forge:nuggets/enderium, forge:ores/cinnabar, forge:gears/peridot, forge:ingots/charcoal, forge:storage_blocks/chrome, forge:storage_blocks/raw_sulfur, forge:gems/zinc, forge:storage_blocks/raw_mithril, forge:dusts/charcoal, forge:dusts/cobalt, forge:ores/fluorite, forge:plates/tungsten, forge:gems/copper, forge:ores/sapphire, forge:rods/lapis, forge:storage_blocks/bitumen, forge:rods/coal, forge:nuggets/peridot, forge:gears/zinc, forge:rods/amber, forge:rods/zinc, forge:storage_blocks/raw_bitumen, forge:dusts/tin, forge:gears/uranium, forge:dusts/potassium_nitrate, forge:gems/tin, forge:rods/aeternium, forge:rods/charcoal, forge:wires/steel, forge:gears/elementium, forge:gems/iridium, forge:gears/diamond, forge:storage_blocks/graphite, forge:gems/potassium_nitrate, forge:gems/coal_coke, forge:ingots/aeternium, forge:wires/diamond, forge:storage_blocks/raw_fluorite, forge:gems/invar, forge:rods/electrum, forge:gems/tungsten, forge:wires/amber, forge:ores/signalum, forge:storage_blocks/raw_sapphire, forge:gems/brass, forge:gears/nickel, forge:gems/steel, forge:gears/steel, forge:plates/coal, forge:raw_materials/charcoal, forge:gears/lead, forge:gears/potassium_nitrate, forge:ingots/lumium, forge:plates/constantan, forge:nuggets/diamond, forge:gems/obsidian, forge:rods/obsidian, forge:gears/tin, forge:ores/graphite, forge:storage_blocks/sulfur, forge:rods/elementium, forge:nuggets/coal_coke, forge:plates/cinnabar, forge:gears/cobalt, forge:storage_blocks/raw_invar, forge:storage_blocks/raw_lapis, forge:dusts/ruby, forge:plates/ruby, forge:wires/zinc, forge:raw_materials/brass, forge:storage_blocks/raw_obsidian, forge:ores/steel, forge:ingots/lapis, forge:ores/bitumen, forge:ores/charcoal, forge:dusts/elementium, forge:dusts/fluorite, forge:gears/enderium, forge:gems/aluminum, forge:wires/electrum, forge:dusts/sapphire, forge:dusts/invar, forge:rods/potassium_nitrate, forge:plates/iridium, forge:dusts/chrome, forge:dusts/copper, forge:plates/cobalt, forge:gems/enderium, forge:raw_materials/fluorite, forge:dusts/brass, forge:storage_blocks/potassium_nitrate, forge:storage_blocks/raw_cinnabar, forge:storage_blocks/raw_potassium_nitrate, forge:rods/cinnabar, forge:wires/cinnabar, forge:storage_blocks/raw_netherite, forge:plates/netherite, forge:plates/zinc, forge:plates/signalum, forge:nuggets/sulfur, forge:gems/fluorite, forge:raw_materials/peridot, forge:storage_blocks/raw_graphite, forge:dusts/emerald, forge:wires/bronze, forge:raw_materials/mithril, forge:plates/potassium_nitrate, forge:gems/bitumen, forge:gears/aluminum, forge:rods/uranium, forge:plates/electrum, forge:gems/mithril, forge:wires/coal, forge:storage_blocks/raw_coal, forge:storage_blocks/raw_coal_coke, forge:dusts/lumium, forge:gems/lumium, forge:nuggets/obsidian, forge:plates/platinum, forge:gems/silver, forge:ores/iridium, forge:ingots/enderium, forge:nuggets/sapphire, forge:nuggets/fluorite, forge:nuggets/charcoal, forge:ingots/ruby, forge:storage_blocks/raw_amber, forge:ingots/bitumen, forge:dusts/enderium, forge:gems/gold, forge:storage_blocks/raw_peridot, forge:gems/charcoal, forge:ores/constantan, forge:rods/peridot, forge:dusts/osmium, forge:ores/elementium, forge:dusts/apatite, forge:plates/emerald, forge:rods/tungsten, forge:ores/ruby, forge:raw_materials/enderium, forge:gems/aeternium, forge:gems/osmium, forge:dusts/aluminum, forge:plates/apatite, forge:storage_blocks/raw_ruby, forge:plates/coal_coke, forge:dusts/nickel, forge:gems/sapphire, forge:wires/platinum, forge:ingots/coal_coke, forge:wires/ruby, forge:rods/copper, forge:ingots/mithril, forge:ores/electrum, forge:rods/graphite, forge:raw_materials/bronze, forge:rods/coal_coke, forge:plates/diamond, forge:plates/bronze, forge:plates/amber, forge:storage_blocks/signalum, forge:nuggets/chrome, forge:gems/graphite, forge:ores/invar, forge:ingots/fluorite, forge:rods/lumium, forge:wires/signalum, forge:gears/sulfur, forge:wires/potassium_nitrate, forge:gears/cinnabar, forge:rods/platinum, forge:wires/tungsten, forge:storage_blocks/raw_brass, forge:gems/chrome, forge:dusts/graphite, forge:gems/platinum, forge:storage_blocks/iridium, forge:raw_materials/sulfur, forge:gems/constantan, forge:storage_blocks/ruby, forge:raw_materials/invar, forge:raw_materials/potassium_nitrate, forge:wires/lumium, forge:plates/sulfur, forge:plates/elementium, forge:plates/fluorite, forge:dusts/diamond, forge:raw_materials/electrum, forge:raw_materials/chrome, forge:wires/chrome, forge:dusts/platinum, forge:gears/bronze, forge:nuggets/bitumen, forge:gears/coal_coke, forge:nuggets/ruby, forge:ingots/peridot, forge:dusts/iridium, forge:gears/apatite, forge:ores/mithril, forge:ingots/sapphire, forge:wires/invar, forge:ores/chrome, forge:storage_blocks/peridot, forge:ingots/sulfur, forge:ores/bronze, forge:ingots/coal, forge:gems/netherite, forge:ores/aeternium, forge:nuggets/coal, forge:wires/gold, forge:ores/netherite, forge:gears/signalum, forge:storage_blocks/raw_electrum, forge:storage_blocks/raw_signalum, forge:raw_materials/coal, forge:ores/potassium_nitrate, forge:nuggets/lapis, forge:gears/chrome, forge:plates/mithril, forge:raw_materials/iridium, forge:ores/lumium, forge:dusts/constantan, forge:nuggets/graphite, forge:ingots/obsidian, forge:wires/obsidian, forge:dusts/lapis, forge:ingots/iridium, forge:wires/aeternium, forge:storage_blocks/cinnabar, forge:ores/brass, forge:wires/elementium, forge:gears/silver, forge:plates/graphite, forge:wires/lapis, forge:raw_materials/emerald, forge:storage_blocks/raw_constantan, forge:ingots/potassium_nitrate, forge:gems/sulfur, forge:storage_blocks/raw_aeternium, forge:nuggets/lumium, forge:gears/obsidian, forge:rods/chrome, forge:ores/peridot, forge:dusts/lead, forge:ingots/chrome, forge:wires/sulfur, forge:gems/lead, forge:plates/aeternium, forge:wires/bitumen, forge:gears/fluorite, forge:dusts/mithril, forge:gears/sapphire, forge:storage_blocks/raw_charcoal, forge:gears/constantan, forge:rods/sapphire, forge:wires/mithril, forge:ingots/emerald, forge:storage_blocks/mithril, forge:rods/fluorite, forge:wires/iron, forge:plates/tin, forge:gears/charcoal, forge:raw_materials/lapis, forge:raw_materials/constantan, forge:plates/bitumen, forge:rods/bronze, forge:rods/lead, forge:wires/tin, forge:plates/uranium, forge:dusts/electrum, forge:plates/silver, forge:gears/osmium, forge:wires/enderium, forge:ingots/diamond, forge:dusts/bitumen, forge:raw_materials/elementium, forge:gears/bitumen, forge:dusts/bronze, forge:gears/amber, forge:raw_materials/apatite, forge:gears/aeternium, forge:gems/coal, forge:wires/brass, forge:nuggets/amber, forge:gems/amber, forge:wires/sapphire, forge:storage_blocks/raw_emerald, forge:gears/lumium, forge:ingots/apatite, forge:wires/coal_coke, forge:gems/elementium, forge:wires/apatite, forge:rods/enderium, forge:raw_materials/signalum, forge:gears/mithril, forge:nuggets/apatite, forge:rods/diamond, forge:raw_materials/aeternium, forge:gears/coal, forge:gems/apatite, forge:gears/platinum, forge:gems/ruby, forge:wires/fluorite, forge:rods/iridium, forge:raw_materials/ruby, forge:rods/aluminum, forge:storage_blocks/raw_iridium, forge:ingots/signalum, forge:wires/netherite, forge:storage_blocks/enderium, forge:ores/amber, forge:raw_materials/graphite, forge:nuggets/mithril, forge:raw_materials/lumium, forge:rods/sulfur, forge:dusts/aeternium, forge:gems/cinnabar, forge:rods/invar, forge:raw_materials/coal_coke, forge:wires/lead, forge:nuggets/signalum, forge:plates/lumium, forge:wires/charcoal, forge:gears/ruby, forge:ingots/graphite, forge:wires/silver, forge:storage_blocks/raw_lumium, forge:gears/emerald, forge:ingots/elementium, forge:dusts/peridot, forge:plates/peridot, forge:plates/osmium, forge:plates/enderium, forge:rods/emerald, forge:gems/bronze, forge:wires/iridium, forge:plates/sapphire, forge:storage_blocks/apatite, forge:storage_blocks/aeternium, forge:plates/chrome, forge:ingots/cinnabar, forge:storage_blocks/sapphire, forge:nuggets/iridium, forge:gears/netherite, forge:storage_blocks/obsidian, forge:gems/signalum, forge:raw_materials/diamond, forge:dusts/gold, forge:storage_blocks/fluorite, forge:dusts/netherite, forge:rods/apatite, forge:nuggets/potassium_nitrate, forge:gears/tungsten, forge:wires/osmium, forge:raw_materials/cinnabar, forge:ores/sulfur, forge:storage_blocks/raw_apatite, forge:dusts/cinnabar, forge:gears/graphite, forge:gems/electrum, forge:gears/iridium, forge:raw_materials/netherite, forge:wires/nickel, forge:rods/gold]
[04May2026 01:29:03.427] [Worker-Main-3/ERROR] [net.minecraft.server.packs.resources.SimpleJsonResourceReloadListener/]: Couldn't parse data file create_alexscaves_compat:mixing/marine_snow from create_alexscaves_compat:recipes/mixing/marine_snow.json
com.google.gson.JsonParseException: com.google.gson.stream.MalformedJsonException: Use JsonReader.setLenient(true) to accept malformed JSON at line 10 column 4 path $.conditions[1]
	at net.minecraft.util.GsonHelper.m_13780_(GsonHelper.java:526) ~[server-1.20.1-20230612.114412-srg.jar%23350!/:?]
	at net.minecraft.util.GsonHelper.m_263475_(GsonHelper.java:531) ~[server-1.20.1-20230612.114412-srg.jar%23350!/:?]
	at net.minecraft.util.GsonHelper.m_13776_(GsonHelper.java:581) ~[server-1.20.1-20230612.114412-srg.jar%23350!/:?]
	at net.minecraft.server.packs.resources.SimpleJsonResourceReloadListener.m_278771_(SimpleJsonResourceReloadListener.java:41) ~[server-1.20.1-20230612.114412-srg.jar%23350!/:?]
	at net.minecraft.server.packs.resources.SimpleJsonResourceReloadListener.m_5944_(SimpleJsonResourceReloadListener.java:29) ~[server-1.20.1-20230612.114412-srg.jar%23350!/:?]
	at net.minecraft.server.packs.resources.SimpleJsonResourceReloadListener.m_5944_(SimpleJsonResourceReloadListener.java:17) ~[server-1.20.1-20230612.114412-srg.jar%23350!/:?]
	at net.minecraft.server.packs.resources.SimplePreparableReloadListener.m_10786_(SimplePreparableReloadListener.java:11) ~[server-1.20.1-20230612.114412-srg.jar%23350!/:?]
	at java.util.concurrent.CompletableFuture$AsyncSupply.run(CompletableFuture.java:1768) ~[?:?]
	at java.util.concurrent.CompletableFuture$AsyncSupply.exec(CompletableFuture.java:1760) ~[?:?]
	at java.util.concurrent.ForkJoinTask.doExec(ForkJoinTask.java:373) ~[?:?]
	at java.util.concurrent.ForkJoinPool$WorkQueue.topLevelExec(ForkJoinPool.java:1182) ~[?:?]
	at java.util.concurrent.ForkJoinPool.scan(ForkJoinPool.java:1655) ~[?:?]
	at java.util.concurrent.ForkJoinPool.runWorker(ForkJoinPool.java:1622) ~[?:?]
	at java.util.concurrent.ForkJoinWorkerThread.run(ForkJoinWorkerThread.java:165) ~[?:?]
Caused by: com.google.gson.stream.MalformedJsonException: Use JsonReader.setLenient(true) to accept malformed JSON at line 10 column 4 path $.conditions[1]
	at com.google.gson.stream.JsonReader.syntaxError(JsonReader.java:1657) ~[gson-2.10.jar%2370!/:?]
	at com.google.gson.stream.JsonReader.checkLenient(JsonReader.java:1463) ~[gson-2.10.jar%2370!/:?]
	at com.google.gson.stream.JsonReader.doPeek(JsonReader.java:569) ~[gson-2.10.jar%2370!/:?]
	at com.google.gson.stream.JsonReader.hasNext(JsonReader.java:422) ~[gson-2.10.jar%2370!/:?]
	at com.google.gson.internal.bind.TypeAdapters$28.read(TypeAdapters.java:779) ~[gson-2.10.jar%2370!/:?]
	at com.google.gson.internal.bind.TypeAdapters$28.read(TypeAdapters.java:725) ~[gson-2.10.jar%2370!/:?]
	at com.google.gson.internal.bind.TypeAdapters$34$1.read(TypeAdapters.java:1007) ~[gson-2.10.jar%2370!/:?]
	at net.minecraft.util.GsonHelper.m_13780_(GsonHelper.java:524) ~[server-1.20.1-20230612.114412-srg.jar%23350!/:?]
	... 13 more
[04May2026 01:29:03.693] [Worker-Main-1/ERROR] [net.minecraftforge.common.ForgeHooks/]: Couldn't parse element loot_tables:idas:chests/dread_citadel/dread_citadel
com.google.gson.JsonSyntaxException: Expected name to be an item, was unknown string 'iceandfire:dread_shard'
	at net.minecraft.util.GsonHelper.m_13866_(GsonHelper.java:145) ~[server-1.20.1-20230612.114412-srg.jar%23350!/:?]
	at java.util.Optional.orElseThrow(Optional.java:403) ~[?:?]
	at net.minecraft.util.GsonHelper.m_13874_(GsonHelper.java:145) ~[server-1.20.1-20230612.114412-srg.jar%23350!/:?]
	at net.minecraft.util.GsonHelper.m_13909_(GsonHelper.java:153) ~[server-1.20.1-20230612.114412-srg.jar%23350!/:?]
	at net.minecraft.world.level.storage.loot.entries.LootItem$Serializer.m_7267_(LootItem.java:55) ~[server-1.20.1-20230612.114412-srg.jar%23350!/:?]
	at net.minecraft.world.level.storage.loot.entries.LootItem$Serializer.m_7267_(LootItem.java:40) ~[server-1.20.1-20230612.114412-srg.jar%23350!/:?]
	at net.minecraft.world.level.storage.loot.entries.LootPoolSingletonContainer$Serializer.m_5921_(LootPoolSingletonContainer.java:151) ~[server-1.20.1-20230612.114412-srg.jar%23350!/:?]
	at net.minecraft.world.level.storage.loot.entries.LootPoolSingletonContainer$Serializer.m_5921_(LootPoolSingletonContainer.java:129) ~[server-1.20.1-20230612.114412-srg.jar%23350!/:?]
	at net.minecraft.world.level.storage.loot.entries.LootPoolEntryContainer$Serializer.m_7561_(LootPoolEntryContainer.java:86) ~[server-1.20.1-20230612.114412-srg.jar%23350!/:?]
	at net.minecraft.world.level.storage.loot.entries.LootPoolEntryContainer$Serializer.m_7561_(LootPoolEntryContainer.java:74) ~[server-1.20.1-20230612.114412-srg.jar%23350!/:?]
	at net.minecraft.world.level.storage.loot.GsonAdapterFactory$JsonAdapter.deserialize(GsonAdapterFactory.java:102) ~[server-1.20.1-20230612.114412-srg.jar%23350!/:?]
	at com.google.gson.internal.bind.TreeTypeAdapter.read(TreeTypeAdapter.java:76) ~[gson-2.10.jar%2370!/:?]
	at com.google.gson.internal.bind.TypeAdapterRuntimeTypeWrapper.read(TypeAdapterRuntimeTypeWrapper.java:40) ~[gson-2.10.jar%2370!/:?]
	at com.google.gson.internal.bind.ArrayTypeAdapter.read(ArrayTypeAdapter.java:72) ~[gson-2.10.jar%2370!/:?]
	at com.google.gson.Gson.fromJson(Gson.java:1214) ~[gson-2.10.jar%2370!/:?]
	at com.google.gson.Gson.fromJson(Gson.java:1319) ~[gson-2.10.jar%2370!/:?]
	at com.google.gson.Gson.fromJson(Gson.java:1290) ~[gson-2.10.jar%2370!/:?]
	at com.google.gson.internal.bind.TreeTypeAdapter$GsonContextImpl.deserialize(TreeTypeAdapter.java:179) ~[gson-2.10.jar%2370!/:?]
	at net.minecraft.util.GsonHelper.m_13808_(GsonHelper.java:463) ~[server-1.20.1-20230612.114412-srg.jar%23350!/:?]
	at net.minecraft.util.GsonHelper.m_13836_(GsonHelper.java:471) ~[server-1.20.1-20230612.114412-srg.jar%23350!/:?]
	at net.minecraft.world.level.storage.loot.LootPool$Serializer.deserialize(LootPool.java:192) ~[server-1.20.1-20230612.114412-srg.jar%23350!/:?]
	at net.minecraft.world.level.storage.loot.LootPool$Serializer.deserialize(LootPool.java:189) ~[server-1.20.1-20230612.114412-srg.jar%23350!/:?]
	at com.google.gson.internal.bind.TreeTypeAdapter.read(TreeTypeAdapter.java:76) ~[gson-2.10.jar%2370!/:?]
	at com.google.gson.internal.bind.TypeAdapterRuntimeTypeWrapper.read(TypeAdapterRuntimeTypeWrapper.java:40) ~[gson-2.10.jar%2370!/:?]
	at com.google.gson.internal.bind.ArrayTypeAdapter.read(ArrayTypeAdapter.java:72) ~[gson-2.10.jar%2370!/:?]
	at com.google.gson.Gson.fromJson(Gson.java:1214) ~[gson-2.10.jar%2370!/:?]
	at com.google.gson.Gson.fromJson(Gson.java:1319) ~[gson-2.10.jar%2370!/:?]
	at com.google.gson.Gson.fromJson(Gson.java:1290) ~[gson-2.10.jar%2370!/:?]
	at com.google.gson.internal.bind.TreeTypeAdapter$GsonContextImpl.deserialize(TreeTypeAdapter.java:179) ~[gson-2.10.jar%2370!/:?]
	at net.minecraft.util.GsonHelper.m_13808_(GsonHelper.java:463) ~[server-1.20.1-20230612.114412-srg.jar%23350!/:?]
	at net.minecraft.util.GsonHelper.m_13845_(GsonHelper.java:481) ~[server-1.20.1-20230612.114412-srg.jar%23350!/:?]
	at net.minecraft.world.level.storage.loot.LootTable$Serializer.deserialize(LootTable.java:294) ~[server-1.20.1-20230612.114412-srg.jar%23350!/:?]
	at net.minecraft.world.level.storage.loot.LootTable$Serializer.deserialize(LootTable.java:291) ~[server-1.20.1-20230612.114412-srg.jar%23350!/:?]
	at com.google.gson.internal.bind.TreeTypeAdapter.read(TreeTypeAdapter.java:76) ~[gson-2.10.jar%2370!/:?]
	at com.google.gson.Gson.fromJson(Gson.java:1214) ~[gson-2.10.jar%2370!/:?]
	at com.google.gson.Gson.fromJson(Gson.java:1319) ~[gson-2.10.jar%2370!/:?]
	at com.google.gson.Gson.fromJson(Gson.java:1261) ~[gson-2.10.jar%2370!/:?]
	at net.minecraftforge.common.ForgeHooks.loadLootTable(ForgeHooks.java:872) ~[forge-1.20.1-47.4.16-universal.jar%23355!/:?]
	at net.minecraftforge.common.ForgeHooks.lambda$getLootTableDeserializer$3(ForgeHooks.java:849) ~[forge-1.20.1-47.4.16-universal.jar%23355!/:?]
	at net.minecraft.world.level.storage.loot.LootDataType.deserialize(LootDataType.java:45) ~[server-1.20.1-20230612.114412-srg.jar%23350!/:?]
	at net.minecraft.world.level.storage.loot.LootDataManager.lambda$scheduleElementParse$4(LootDataManager.java:56) ~[server-1.20.1-20230612.114412-srg.jar%23350!/:?]
	at java.util.HashMap.forEach(HashMap.java:1421) ~[?:?]
	at net.minecraft.world.level.storage.loot.LootDataManager.m_278660_(LootDataManager.java:55) ~[server-1.20.1-20230612.114412-srg.jar%23350!/:?]
	at java.util.concurrent.CompletableFuture$AsyncRun.run(CompletableFuture.java:1804) ~[?:?]
	at java.util.concurrent.CompletableFuture$AsyncRun.exec(CompletableFuture.java:1796) ~[?:?]
	at java.util.concurrent.ForkJoinTask.doExec(ForkJoinTask.java:373) ~[?:?]
	at java.util.concurrent.ForkJoinPool$WorkQueue.topLevelExec(ForkJoinPool.java:1182) ~[?:?]
	at java.util.concurrent.ForkJoinPool.scan(ForkJoinPool.java:1655) ~[?:?]
	at java.util.concurrent.ForkJoinPool.runWorker(ForkJoinPool.java:1622) ~[?:?]
	at java.util.concurrent.ForkJoinWorkerThread.run(ForkJoinWorkerThread.java:165) ~[?:?]
[04May2026 01:29:03.991] [Worker-Main-2/INFO] [Mantle/]: Loaded 30 loot table injectors injecting into 27 tables in 10.773594 ms
[04May2026 01:29:04.031] [Worker-Main-1/ERROR] [net.minecraftforge.common.ForgeHooks/]: Couldn't parse element loot_tables:idas:chests/haunted_manor/if_haunted_manor
com.google.gson.JsonSyntaxException: Expected name to be an item, was unknown string 'iceandfire:silver_nugget'
	at net.minecraft.util.GsonHelper.m_13866_(GsonHelper.java:145) ~[server-1.20.1-20230612.114412-srg.jar%23350!/:?]
	at java.util.Optional.orElseThrow(Optional.java:403) ~[?:?]
	at net.minecraft.util.GsonHelper.m_13874_(GsonHelper.java:145) ~[server-1.20.1-20230612.114412-srg.jar%23350!/:?]
	at net.minecraft.util.GsonHelper.m_13909_(GsonHelper.java:153) ~[server-1.20.1-20230612.114412-srg.jar%23350!/:?]
	at net.minecraft.world.level.storage.loot.entries.LootItem$Serializer.m_7267_(LootItem.java:55) ~[server-1.20.1-20230612.114412-srg.jar%23350!/:?]
	at net.minecraft.world.level.storage.loot.entries.LootItem$Serializer.m_7267_(LootItem.java:40) ~[server-1.20.1-20230612.114412-srg.jar%23350!/:?]
	at net.minecraft.world.level.storage.loot.entries.LootPoolSingletonContainer$Serializer.m_5921_(LootPoolSingletonContainer.java:151) ~[server-1.20.1-20230612.114412-srg.jar%23350!/:?]
	at net.minecraft.world.level.storage.loot.entries.LootPoolSingletonContainer$Serializer.m_5921_(LootPoolSingletonContainer.java:129) ~[server-1.20.1-20230612.114412-srg.jar%23350!/:?]
	at net.minecraft.world.level.storage.loot.entries.LootPoolEntryContainer$Serializer.m_7561_(LootPoolEntryContainer.java:86) ~[server-1.20.1-20230612.114412-srg.jar%23350!/:?]
	at net.minecraft.world.level.storage.loot.entries.LootPoolEntryContainer$Serializer.m_7561_(LootPoolEntryContainer.java:74) ~[server-1.20.1-20230612.114412-srg.jar%23350!/:?]
	at net.minecraft.world.level.storage.loot.GsonAdapterFactory$JsonAdapter.deserialize(GsonAdapterFactory.java:102) ~[server-1.20.1-20230612.114412-srg.jar%23350!/:?]
	at com.google.gson.internal.bind.TreeTypeAdapter.read(TreeTypeAdapter.java:76) ~[gson-2.10.jar%2370!/:?]
	at com.google.gson.internal.bind.TypeAdapterRuntimeTypeWrapper.read(TypeAdapterRuntimeTypeWrapper.java:40) ~[gson-2.10.jar%2370!/:?]
	at com.google.gson.internal.bind.ArrayTypeAdapter.read(ArrayTypeAdapter.java:72) ~[gson-2.10.jar%2370!/:?]
	at com.google.gson.Gson.fromJson(Gson.java:1214) ~[gson-2.10.jar%2370!/:?]
	at com.google.gson.Gson.fromJson(Gson.java:1319) ~[gson-2.10.jar%2370!/:?]
	at com.google.gson.Gson.fromJson(Gson.java:1290) ~[gson-2.10.jar%2370!/:?]
	at com.google.gson.internal.bind.TreeTypeAdapter$GsonContextImpl.deserialize(TreeTypeAdapter.java:179) ~[gson-2.10.jar%2370!/:?]
	at net.minecraft.util.GsonHelper.m_13808_(GsonHelper.java:463) ~[server-1.20.1-20230612.114412-srg.jar%23350!/:?]
	at net.minecraft.util.GsonHelper.m_13836_(GsonHelper.java:471) ~[server-1.20.1-20230612.114412-srg.jar%23350!/:?]
	at net.minecraft.world.level.storage.loot.LootPool$Serializer.deserialize(LootPool.java:192) ~[server-1.20.1-20230612.114412-srg.jar%23350!/:?]
	at net.minecraft.world.level.storage.loot.LootPool$Serializer.deserialize(LootPool.java:189) ~[server-1.20.1-20230612.114412-srg.jar%23350!/:?]
	at com.google.gson.internal.bind.TreeTypeAdapter.read(TreeTypeAdapter.java:76) ~[gson-2.10.jar%2370!/:?]
	at com.google.gson.internal.bind.TypeAdapterRuntimeTypeWrapper.read(TypeAdapterRuntimeTypeWrapper.java:40) ~[gson-2.10.jar%2370!/:?]
	at com.google.gson.internal.bind.ArrayTypeAdapter.read(ArrayTypeAdapter.java:72) ~[gson-2.10.jar%2370!/:?]
	at com.google.gson.Gson.fromJson(Gson.java:1214) ~[gson-2.10.jar%2370!/:?]
	at com.google.gson.Gson.fromJson(Gson.java:1319) ~[gson-2.10.jar%2370!/:?]
	at com.google.gson.Gson.fromJson(Gson.java:1290) ~[gson-2.10.jar%2370!/:?]
	at com.google.gson.internal.bind.TreeTypeAdapter$GsonContextImpl.deserialize(TreeTypeAdapter.java:179) ~[gson-2.10.jar%2370!/:?]
	at net.minecraft.util.GsonHelper.m_13808_(GsonHelper.java:463) ~[server-1.20.1-20230612.114412-srg.jar%23350!/:?]
	at net.minecraft.util.GsonHelper.m_13845_(GsonHelper.java:481) ~[server-1.20.1-20230612.114412-srg.jar%23350!/:?]
	at net.minecraft.world.level.storage.loot.LootTable$Serializer.deserialize(LootTable.java:294) ~[server-1.20.1-20230612.114412-srg.jar%23350!/:?]
	at net.minecraft.world.level.storage.loot.LootTable$Serializer.deserialize(LootTable.java:291) ~[server-1.20.1-20230612.114412-srg.jar%23350!/:?]
	at com.google.gson.internal.bind.TreeTypeAdapter.read(TreeTypeAdapter.java:76) ~[gson-2.10.jar%2370!/:?]
	at com.google.gson.Gson.fromJson(Gson.java:1214) ~[gson-2.10.jar%2370!/:?]
	at com.google.gson.Gson.fromJson(Gson.java:1319) ~[gson-2.10.jar%2370!/:?]
	at com.google.gson.Gson.fromJson(Gson.java:1261) ~[gson-2.10.jar%2370!/:?]
	at net.minecraftforge.common.ForgeHooks.loadLootTable(ForgeHooks.java:872) ~[forge-1.20.1-47.4.16-universal.jar%23355!/:?]
	at net.minecraftforge.common.ForgeHooks.lambda$getLootTableDeserializer$3(ForgeHooks.java:849) ~[forge-1.20.1-47.4.16-universal.jar%23355!/:?]
	at net.minecraft.world.level.storage.loot.LootDataType.deserialize(LootDataType.java:45) ~[server-1.20.1-20230612.114412-srg.jar%23350!/:?]
	at net.minecraft.world.level.storage.loot.LootDataManager.lambda$scheduleElementParse$4(LootDataManager.java:56) ~[server-1.20.1-20230612.114412-srg.jar%23350!/:?]
	at java.util.HashMap.forEach(HashMap.java:1421) ~[?:?]
	at net.minecraft.world.level.storage.loot.LootDataManager.m_278660_(LootDataManager.java:55) ~[server-1.20.1-20230612.114412-srg.jar%23350!/:?]
	at java.util.concurrent.CompletableFuture$AsyncRun.run(CompletableFuture.java:1804) ~[?:?]
	at java.util.concurrent.CompletableFuture$AsyncRun.exec(CompletableFuture.java:1796) ~[?:?]
	at java.util.concurrent.ForkJoinTask.doExec(ForkJoinTask.java:373) ~[?:?]
	at java.util.concurrent.ForkJoinPool$WorkQueue.topLevelExec(ForkJoinPool.java:1182) ~[?:?]
	at java.util.concurrent.ForkJoinPool.scan(ForkJoinPool.java:1655) ~[?:?]
	at java.util.concurrent.ForkJoinPool.runWorker(ForkJoinPool.java:1622) ~[?:?]
	at java.util.concurrent.ForkJoinWorkerThread.run(ForkJoinWorkerThread.java:165) ~[?:?]
[04May2026 01:29:04.052] [Worker-Main-1/ERROR] [net.minecraftforge.common.ForgeHooks/]: Couldn't parse element loot_tables:idas:chests/labyrinth/if_labyrinth_tomb
com.google.gson.JsonSyntaxException: Expected name to be an item, was unknown string 'iceandfire:sapphire_gem'
	at net.minecraft.util.GsonHelper.m_13866_(GsonHelper.java:145) ~[server-1.20.1-20230612.114412-srg.jar%23350!/:?]
	at java.util.Optional.orElseThrow(Optional.java:403) ~[?:?]
	at net.minecraft.util.GsonHelper.m_13874_(GsonHelper.java:145) ~[server-1.20.1-20230612.114412-srg.jar%23350!/:?]
	at net.minecraft.util.GsonHelper.m_13909_(GsonHelper.java:153) ~[server-1.20.1-20230612.114412-srg.jar%23350!/:?]
	at net.minecraft.world.level.storage.loot.entries.LootItem$Serializer.m_7267_(LootItem.java:55) ~[server-1.20.1-20230612.114412-srg.jar%23350!/:?]
	at net.minecraft.world.level.storage.loot.entries.LootItem$Serializer.m_7267_(LootItem.java:40) ~[server-1.20.1-20230612.114412-srg.jar%23350!/:?]
	at net.minecraft.world.level.storage.loot.entries.LootPoolSingletonContainer$Serializer.m_5921_(LootPoolSingletonContainer.java:151) ~[server-1.20.1-20230612.114412-srg.jar%23350!/:?]
	at net.minecraft.world.level.storage.loot.entries.LootPoolSingletonContainer$Serializer.m_5921_(LootPoolSingletonContainer.java:129) ~[server-1.20.1-20230612.114412-srg.jar%23350!/:?]
	at net.minecraft.world.level.storage.loot.entries.LootPoolEntryContainer$Serializer.m_7561_(LootPoolEntryContainer.java:86) ~[server-1.20.1-20230612.114412-srg.jar%23350!/:?]
	at net.minecraft.world.level.storage.loot.entries.LootPoolEntryContainer$Serializer.m_7561_(LootPoolEntryContainer.java:74) ~[server-1.20.1-20230612.114412-srg.jar%23350!/:?]
	at net.minecraft.world.level.storage.loot.GsonAdapterFactory$JsonAdapter.deserialize(GsonAdapterFactory.java:102) ~[server-1.20.1-20230612.114412-srg.jar%23350!/:?]
	at com.google.gson.internal.bind.TreeTypeAdapter.read(TreeTypeAdapter.java:76) ~[gson-2.10.jar%2370!/:?]
	at com.google.gson.internal.bind.TypeAdapterRuntimeTypeWrapper.read(TypeAdapterRuntimeTypeWrapper.java:40) ~[gson-2.10.jar%2370!/:?]
	at com.google.gson.internal.bind.ArrayTypeAdapter.read(ArrayTypeAdapter.java:72) ~[gson-2.10.jar%2370!/:?]
	at com.google.gson.Gson.fromJson(Gson.java:1214) ~[gson-2.10.jar%2370!/:?]
	at com.google.gson.Gson.fromJson(Gson.java:1319) ~[gson-2.10.jar%2370!/:?]
	at com.google.gson.Gson.fromJson(Gson.java:1290) ~[gson-2.10.jar%2370!/:?]
	at com.google.gson.internal.bind.TreeTypeAdapter$GsonContextImpl.deserialize(TreeTypeAdapter.java:179) ~[gson-2.10.jar%2370!/:?]
	at net.minecraft.util.GsonHelper.m_13808_(GsonHelper.java:463) ~[server-1.20.1-20230612.114412-srg.jar%23350!/:?]
	at net.minecraft.util.GsonHelper.m_13836_(GsonHelper.java:471) ~[server-1.20.1-20230612.114412-srg.jar%23350!/:?]
	at net.minecraft.world.level.storage.loot.LootPool$Serializer.deserialize(LootPool.java:192) ~[server-1.20.1-20230612.114412-srg.jar%23350!/:?]
	at net.minecraft.world.level.storage.loot.LootPool$Serializer.deserialize(LootPool.java:189) ~[server-1.20.1-20230612.114412-srg.jar%23350!/:?]
	at com.google.gson.internal.bind.TreeTypeAdapter.read(TreeTypeAdapter.java:76) ~[gson-2.10.jar%2370!/:?]
	at com.google.gson.internal.bind.TypeAdapterRuntimeTypeWrapper.read(TypeAdapterRuntimeTypeWrapper.java:40) ~[gson-2.10.jar%2370!/:?]
	at com.google.gson.internal.bind.ArrayTypeAdapter.read(ArrayTypeAdapter.java:72) ~[gson-2.10.jar%2370!/:?]
	at com.google.gson.Gson.fromJson(Gson.java:1214) ~[gson-2.10.jar%2370!/:?]
	at com.google.gson.Gson.fromJson(Gson.java:1319) ~[gson-2.10.jar%2370!/:?]
	at com.google.gson.Gson.fromJson(Gson.java:1290) ~[gson-2.10.jar%2370!/:?]
	at com.google.gson.internal.bind.TreeTypeAdapter$GsonContextImpl.deserialize(TreeTypeAdapter.java:179) ~[gson-2.10.jar%2370!/:?]
	at net.minecraft.util.GsonHelper.m_13808_(GsonHelper.java:463) ~[server-1.20.1-20230612.114412-srg.jar%23350!/:?]
	at net.minecraft.util.GsonHelper.m_13845_(GsonHelper.java:481) ~[server-1.20.1-20230612.114412-srg.jar%23350!/:?]
	at net.minecraft.world.level.storage.loot.LootTable$Serializer.deserialize(LootTable.java:294) ~[server-1.20.1-20230612.114412-srg.jar%23350!/:?]
	at net.minecraft.world.level.storage.loot.LootTable$Serializer.deserialize(LootTable.java:291) ~[server-1.20.1-20230612.114412-srg.jar%23350!/:?]
	at com.google.gson.internal.bind.TreeTypeAdapter.read(TreeTypeAdapter.java:76) ~[gson-2.10.jar%2370!/:?]
	at com.google.gson.Gson.fromJson(Gson.java:1214) ~[gson-2.10.jar%2370!/:?]
	at com.google.gson.Gson.fromJson(Gson.java:1319) ~[gson-2.10.jar%2370!/:?]
	at com.google.gson.Gson.fromJson(Gson.java:1261) ~[gson-2.10.jar%2370!/:?]
	at net.minecraftforge.common.ForgeHooks.loadLootTable(ForgeHooks.java:872) ~[forge-1.20.1-47.4.16-universal.jar%23355!/:?]
	at net.minecraftforge.common.ForgeHooks.lambda$getLootTableDeserializer$3(ForgeHooks.java:849) ~[forge-1.20.1-47.4.16-universal.jar%23355!/:?]
	at net.minecraft.world.level.storage.loot.LootDataType.deserialize(LootDataType.java:45) ~[server-1.20.1-20230612.114412-srg.jar%23350!/:?]
	at net.minecraft.world.level.storage.loot.LootDataManager.lambda$scheduleElementParse$4(LootDataManager.java:56) ~[server-1.20.1-20230612.114412-srg.jar%23350!/:?]
	at java.util.HashMap.forEach(HashMap.java:1421) ~[?:?]
	at net.minecraft.world.level.storage.loot.LootDataManager.m_278660_(LootDataManager.java:55) ~[server-1.20.1-20230612.114412-srg.jar%23350!/:?]
	at java.util.concurrent.CompletableFuture$AsyncRun.run(CompletableFuture.java:1804) ~[?:?]
	at java.util.concurrent.CompletableFuture$AsyncRun.exec(CompletableFuture.java:1796) ~[?:?]
	at java.util.concurrent.ForkJoinTask.doExec(ForkJoinTask.java:373) ~[?:?]
	at java.util.concurrent.ForkJoinPool$WorkQueue.topLevelExec(ForkJoinPool.java:1182) ~[?:?]
	at java.util.concurrent.ForkJoinPool.scan(ForkJoinPool.java:1655) ~[?:?]
	at java.util.concurrent.ForkJoinPool.runWorker(ForkJoinPool.java:1622) ~[?:?]
	at java.util.concurrent.ForkJoinWorkerThread.run(ForkJoinWorkerThread.java:165) ~[?:?]
[04May2026 01:29:04.444] [Worker-Main-1/ERROR] [net.minecraftforge.common.ForgeHooks/]: Couldn't parse element loot_tables:idas:chests/dread_citadel/dread_citadel_throne
com.google.gson.JsonSyntaxException: Expected name to be an item, was unknown string 'iceandfire:dread_shard'
	at net.minecraft.util.GsonHelper.m_13866_(GsonHelper.java:145) ~[server-1.20.1-20230612.114412-srg.jar%23350!/:?]
	at java.util.Optional.orElseThrow(Optional.java:403) ~[?:?]
	at net.minecraft.util.GsonHelper.m_13874_(GsonHelper.java:145) ~[server-1.20.1-20230612.114412-srg.jar%23350!/:?]
	at net.minecraft.util.GsonHelper.m_13909_(GsonHelper.java:153) ~[server-1.20.1-20230612.114412-srg.jar%23350!/:?]
	at net.minecraft.world.level.storage.loot.entries.LootItem$Serializer.m_7267_(LootItem.java:55) ~[server-1.20.1-20230612.114412-srg.jar%23350!/:?]
	at net.minecraft.world.level.storage.loot.entries.LootItem$Serializer.m_7267_(LootItem.java:40) ~[server-1.20.1-20230612.114412-srg.jar%23350!/:?]
	at net.minecraft.world.level.storage.loot.entries.LootPoolSingletonContainer$Serializer.m_5921_(LootPoolSingletonContainer.java:151) ~[server-1.20.1-20230612.114412-srg.jar%23350!/:?]
	at net.minecraft.world.level.storage.loot.entries.LootPoolSingletonContainer$Serializer.m_5921_(LootPoolSingletonContainer.java:129) ~[server-1.20.1-20230612.114412-srg.jar%23350!/:?]
	at net.minecraft.world.level.storage.loot.entries.LootPoolEntryContainer$Serializer.m_7561_(LootPoolEntryContainer.java:86) ~[server-1.20.1-20230612.114412-srg.jar%23350!/:?]
	at net.minecraft.world.level.storage.loot.entries.LootPoolEntryContainer$Serializer.m_7561_(LootPoolEntryContainer.java:74) ~[server-1.20.1-20230612.114412-srg.jar%23350!/:?]
	at net.minecraft.world.level.storage.loot.GsonAdapterFactory$JsonAdapter.deserialize(GsonAdapterFactory.java:102) ~[server-1.20.1-20230612.114412-srg.jar%23350!/:?]
	at com.google.gson.internal.bind.TreeTypeAdapter.read(TreeTypeAdapter.java:76) ~[gson-2.10.jar%2370!/:?]
	at com.google.gson.internal.bind.TypeAdapterRuntimeTypeWrapper.read(TypeAdapterRuntimeTypeWrapper.java:40) ~[gson-2.10.jar%2370!/:?]
	at com.google.gson.internal.bind.ArrayTypeAdapter.read(ArrayTypeAdapter.java:72) ~[gson-2.10.jar%2370!/:?]
	at com.google.gson.Gson.fromJson(Gson.java:1214) ~[gson-2.10.jar%2370!/:?]
	at com.google.gson.Gson.fromJson(Gson.java:1319) ~[gson-2.10.jar%2370!/:?]
	at com.google.gson.Gson.fromJson(Gson.java:1290) ~[gson-2.10.jar%2370!/:?]
	at com.google.gson.internal.bind.TreeTypeAdapter$GsonContextImpl.deserialize(TreeTypeAdapter.java:179) ~[gson-2.10.jar%2370!/:?]
	at net.minecraft.util.GsonHelper.m_13808_(GsonHelper.java:463) ~[server-1.20.1-20230612.114412-srg.jar%23350!/:?]
	at net.minecraft.util.GsonHelper.m_13836_(GsonHelper.java:471) ~[server-1.20.1-20230612.114412-srg.jar%23350!/:?]
	at net.minecraft.world.level.storage.loot.LootPool$Serializer.deserialize(LootPool.java:192) ~[server-1.20.1-20230612.114412-srg.jar%23350!/:?]
	at net.minecraft.world.level.storage.loot.LootPool$Serializer.deserialize(LootPool.java:189) ~[server-1.20.1-20230612.114412-srg.jar%23350!/:?]
	at com.google.gson.internal.bind.TreeTypeAdapter.read(TreeTypeAdapter.java:76) ~[gson-2.10.jar%2370!/:?]
	at com.google.gson.internal.bind.TypeAdapterRuntimeTypeWrapper.read(TypeAdapterRuntimeTypeWrapper.java:40) ~[gson-2.10.jar%2370!/:?]
	at com.google.gson.internal.bind.ArrayTypeAdapter.read(ArrayTypeAdapter.java:72) ~[gson-2.10.jar%2370!/:?]
	at com.google.gson.Gson.fromJson(Gson.java:1214) ~[gson-2.10.jar%2370!/:?]
	at com.google.gson.Gson.fromJson(Gson.java:1319) ~[gson-2.10.jar%2370!/:?]
	at com.google.gson.Gson.fromJson(Gson.java:1290) ~[gson-2.10.jar%2370!/:?]
	at com.google.gson.internal.bind.TreeTypeAdapter$GsonContextImpl.deserialize(TreeTypeAdapter.java:179) ~[gson-2.10.jar%2370!/:?]
	at net.minecraft.util.GsonHelper.m_13808_(GsonHelper.java:463) ~[server-1.20.1-20230612.114412-srg.jar%23350!/:?]
	at net.minecraft.util.GsonHelper.m_13845_(GsonHelper.java:481) ~[server-1.20.1-20230612.114412-srg.jar%23350!/:?]
	at net.minecraft.world.level.storage.loot.LootTable$Serializer.deserialize(LootTable.java:294) ~[server-1.20.1-20230612.114412-srg.jar%23350!/:?]
	at net.minecraft.world.level.storage.loot.LootTable$Serializer.deserialize(LootTable.java:291) ~[server-1.20.1-20230612.114412-srg.jar%23350!/:?]
	at com.google.gson.internal.bind.TreeTypeAdapter.read(TreeTypeAdapter.java:76) ~[gson-2.10.jar%2370!/:?]
	at com.google.gson.Gson.fromJson(Gson.java:1214) ~[gson-2.10.jar%2370!/:?]
	at com.google.gson.Gson.fromJson(Gson.java:1319) ~[gson-2.10.jar%2370!/:?]
	at com.google.gson.Gson.fromJson(Gson.java:1261) ~[gson-2.10.jar%2370!/:?]
	at net.minecraftforge.common.ForgeHooks.loadLootTable(ForgeHooks.java:872) ~[forge-1.20.1-47.4.16-universal.jar%23355!/:?]
	at net.minecraftforge.common.ForgeHooks.lambda$getLootTableDeserializer$3(ForgeHooks.java:849) ~[forge-1.20.1-47.4.16-universal.jar%23355!/:?]
	at net.minecraft.world.level.storage.loot.LootDataType.deserialize(LootDataType.java:45) ~[server-1.20.1-20230612.114412-srg.jar%23350!/:?]
	at net.minecraft.world.level.storage.loot.LootDataManager.lambda$scheduleElementParse$4(LootDataManager.java:56) ~[server-1.20.1-20230612.114412-srg.jar%23350!/:?]
	at java.util.HashMap.forEach(HashMap.java:1421) ~[?:?]
	at net.minecraft.world.level.storage.loot.LootDataManager.m_278660_(LootDataManager.java:55) ~[server-1.20.1-20230612.114412-srg.jar%23350!/:?]
	at java.util.concurrent.CompletableFuture$AsyncRun.run(CompletableFuture.java:1804) ~[?:?]
	at java.util.concurrent.CompletableFuture$AsyncRun.exec(CompletableFuture.java:1796) ~[?:?]
	at java.util.concurrent.ForkJoinTask.doExec(ForkJoinTask.java:373) ~[?:?]
	at java.util.concurrent.ForkJoinPool$WorkQueue.topLevelExec(ForkJoinPool.java:1182) ~[?:?]
	at java.util.concurrent.ForkJoinPool.scan(ForkJoinPool.java:1655) ~[?:?]
	at java.util.concurrent.ForkJoinPool.runWorker(ForkJoinPool.java:1622) ~[?:?]
	at java.util.concurrent.ForkJoinWorkerThread.run(ForkJoinWorkerThread.java:165) ~[?:?]
[04May2026 01:29:04.491] [Worker-Main-1/ERROR] [net.minecraftforge.common.ForgeHooks/]: Couldn't parse element loot_tables:idas:chests/dread_citadel/dread_citadel_library
com.google.gson.JsonSyntaxException: Expected name to be an item, was unknown string 'iceandfire:dread_shard'
	at net.minecraft.util.GsonHelper.m_13866_(GsonHelper.java:145) ~[server-1.20.1-20230612.114412-srg.jar%23350!/:?]
	at java.util.Optional.orElseThrow(Optional.java:403) ~[?:?]
	at net.minecraft.util.GsonHelper.m_13874_(GsonHelper.java:145) ~[server-1.20.1-20230612.114412-srg.jar%23350!/:?]
	at net.minecraft.util.GsonHelper.m_13909_(GsonHelper.java:153) ~[server-1.20.1-20230612.114412-srg.jar%23350!/:?]
	at net.minecraft.world.level.storage.loot.entries.LootItem$Serializer.m_7267_(LootItem.java:55) ~[server-1.20.1-20230612.114412-srg.jar%23350!/:?]
	at net.minecraft.world.level.storage.loot.entries.LootItem$Serializer.m_7267_(LootItem.java:40) ~[server-1.20.1-20230612.114412-srg.jar%23350!/:?]
	at net.minecraft.world.level.storage.loot.entries.LootPoolSingletonContainer$Serializer.m_5921_(LootPoolSingletonContainer.java:151) ~[server-1.20.1-20230612.114412-srg.jar%23350!/:?]
	at net.minecraft.world.level.storage.loot.entries.LootPoolSingletonContainer$Serializer.m_5921_(LootPoolSingletonContainer.java:129) ~[server-1.20.1-20230612.114412-srg.jar%23350!/:?]
	at net.minecraft.world.level.storage.loot.entries.LootPoolEntryContainer$Serializer.m_7561_(LootPoolEntryContainer.java:86) ~[server-1.20.1-20230612.114412-srg.jar%23350!/:?]
	at net.minecraft.world.level.storage.loot.entries.LootPoolEntryContainer$Serializer.m_7561_(LootPoolEntryContainer.java:74) ~[server-1.20.1-20230612.114412-srg.jar%23350!/:?]
	at net.minecraft.world.level.storage.loot.GsonAdapterFactory$JsonAdapter.deserialize(GsonAdapterFactory.java:102) ~[server-1.20.1-20230612.114412-srg.jar%23350!/:?]
	at com.google.gson.internal.bind.TreeTypeAdapter.read(TreeTypeAdapter.java:76) ~[gson-2.10.jar%2370!/:?]
	at com.google.gson.internal.bind.TypeAdapterRuntimeTypeWrapper.read(TypeAdapterRuntimeTypeWrapper.java:40) ~[gson-2.10.jar%2370!/:?]
	at com.google.gson.internal.bind.ArrayTypeAdapter.read(ArrayTypeAdapter.java:72) ~[gson-2.10.jar%2370!/:?]
	at com.google.gson.Gson.fromJson(Gson.java:1214) ~[gson-2.10.jar%2370!/:?]
	at com.google.gson.Gson.fromJson(Gson.java:1319) ~[gson-2.10.jar%2370!/:?]
	at com.google.gson.Gson.fromJson(Gson.java:1290) ~[gson-2.10.jar%2370!/:?]
	at com.google.gson.internal.bind.TreeTypeAdapter$GsonContextImpl.deserialize(TreeTypeAdapter.java:179) ~[gson-2.10.jar%2370!/:?]
	at net.minecraft.util.GsonHelper.m_13808_(GsonHelper.java:463) ~[server-1.20.1-20230612.114412-srg.jar%23350!/:?]
	at net.minecraft.util.GsonHelper.m_13836_(GsonHelper.java:471) ~[server-1.20.1-20230612.114412-srg.jar%23350!/:?]
	at net.minecraft.world.level.storage.loot.LootPool$Serializer.deserialize(LootPool.java:192) ~[server-1.20.1-20230612.114412-srg.jar%23350!/:?]
	at net.minecraft.world.level.storage.loot.LootPool$Serializer.deserialize(LootPool.java:189) ~[server-1.20.1-20230612.114412-srg.jar%23350!/:?]
	at com.google.gson.internal.bind.TreeTypeAdapter.read(TreeTypeAdapter.java:76) ~[gson-2.10.jar%2370!/:?]
	at com.google.gson.internal.bind.TypeAdapterRuntimeTypeWrapper.read(TypeAdapterRuntimeTypeWrapper.java:40) ~[gson-2.10.jar%2370!/:?]
	at com.google.gson.internal.bind.ArrayTypeAdapter.read(ArrayTypeAdapter.java:72) ~[gson-2.10.jar%2370!/:?]
	at com.google.gson.Gson.fromJson(Gson.java:1214) ~[gson-2.10.jar%2370!/:?]
	at com.google.gson.Gson.fromJson(Gson.java:1319) ~[gson-2.10.jar%2370!/:?]
	at com.google.gson.Gson.fromJson(Gson.java:1290) ~[gson-2.10.jar%2370!/:?]
	at com.google.gson.internal.bind.TreeTypeAdapter$GsonContextImpl.deserialize(TreeTypeAdapter.java:179) ~[gson-2.10.jar%2370!/:?]
	at net.minecraft.util.GsonHelper.m_13808_(GsonHelper.java:463) ~[server-1.20.1-20230612.114412-srg.jar%23350!/:?]
	at net.minecraft.util.GsonHelper.m_13845_(GsonHelper.java:481) ~[server-1.20.1-20230612.114412-srg.jar%23350!/:?]
	at net.minecraft.world.level.storage.loot.LootTable$Serializer.deserialize(LootTable.java:294) ~[server-1.20.1-20230612.114412-srg.jar%23350!/:?]
	at net.minecraft.world.level.storage.loot.LootTable$Serializer.deserialize(LootTable.java:291) ~[server-1.20.1-20230612.114412-srg.jar%23350!/:?]
	at com.google.gson.internal.bind.TreeTypeAdapter.read(TreeTypeAdapter.java:76) ~[gson-2.10.jar%2370!/:?]
	at com.google.gson.Gson.fromJson(Gson.java:1214) ~[gson-2.10.jar%2370!/:?]
	at com.google.gson.Gson.fromJson(Gson.java:1319) ~[gson-2.10.jar%2370!/:?]
	at com.google.gson.Gson.fromJson(Gson.java:1261) ~[gson-2.10.jar%2370!/:?]
	at net.minecraftforge.common.ForgeHooks.loadLootTable(ForgeHooks.java:872) ~[forge-1.20.1-47.4.16-universal.jar%23355!/:?]
	at net.minecraftforge.common.ForgeHooks.lambda$getLootTableDeserializer$3(ForgeHooks.java:849) ~[forge-1.20.1-47.4.16-universal.jar%23355!/:?]
	at net.minecraft.world.level.storage.loot.LootDataType.deserialize(LootDataType.java:45) ~[server-1.20.1-20230612.114412-srg.jar%23350!/:?]
	at net.minecraft.world.level.storage.loot.LootDataManager.lambda$scheduleElementParse$4(LootDataManager.java:56) ~[server-1.20.1-20230612.114412-srg.jar%23350!/:?]
	at java.util.HashMap.forEach(HashMap.java:1421) ~[?:?]
	at net.minecraft.world.level.storage.loot.LootDataManager.m_278660_(LootDataManager.java:55) ~[server-1.20.1-20230612.114412-srg.jar%23350!/:?]
	at java.util.concurrent.CompletableFuture$AsyncRun.run(CompletableFuture.java:1804) ~[?:?]
	at java.util.concurrent.CompletableFuture$AsyncRun.exec(CompletableFuture.java:1796) ~[?:?]
	at java.util.concurrent.ForkJoinTask.doExec(ForkJoinTask.java:373) ~[?:?]
	at java.util.concurrent.ForkJoinPool$WorkQueue.topLevelExec(ForkJoinPool.java:1182) ~[?:?]
	at java.util.concurrent.ForkJoinPool.scan(ForkJoinPool.java:1655) ~[?:?]
	at java.util.concurrent.ForkJoinPool.runWorker(ForkJoinPool.java:1622) ~[?:?]
	at java.util.concurrent.ForkJoinWorkerThread.run(ForkJoinWorkerThread.java:165) ~[?:?]
[04May2026 01:29:04.717] [main/WARN] [AlmostUnified/]: Recipe count: 17004
[04May2026 01:29:05.241] [main/WARN] [AlmostUnified/]: Recipe count afterwards: 16950 (done in 524.1 ms)
[04May2026 01:29:05.286] [main/ERROR] [net.minecraft.world.item.crafting.RecipeManager/]: Parsing error loading recipe create_alexscaves_compat:freezing/frostmint_from_large_peppermint: com.google.gson.JsonSyntaxException: Invalid or unsupported recipe type 'garnished:freezing'
[04May2026 01:29:05.304] [main/ERROR] [net.minecraft.world.item.crafting.RecipeManager/]: Parsing error loading recipe create_alexscaves_compat:dye_blowing/alexscaves/pink/rock_candy: com.google.gson.JsonSyntaxException: Invalid or unsupported recipe type 'garnished:pink_dye_blowing'
[04May2026 01:29:05.319] [main/WARN] [com.simibubi.create.Create/]: Your custom tfmg:industrial_blasting recipe (tfmg:industrial_blasting/silicon) specified a duration. Durations have no impact on this type of recipe.
[04May2026 01:29:05.320] [main/WARN] [com.simibubi.create.Create/]: Your custom tfmg:vat_machine_recipe recipe (tfmg:vat_machine_recipe/neon) specified a duration. Durations have no impact on this type of recipe.
[04May2026 01:29:05.339] [main/ERROR] [net.minecraft.world.item.crafting.RecipeManager/]: Parsing error loading recipe create_alexscaves_compat:dye_blowing/alexscaves/green/rock_candy: com.google.gson.JsonSyntaxException: Invalid or unsupported recipe type 'garnished:green_dye_blowing'
[04May2026 01:29:05.342] [main/ERROR] [net.minecraft.world.item.crafting.RecipeManager/]: Parsing error loading recipe create_alexscaves_compat:dye_blowing/alexscaves/red/sweetish_fish: com.google.gson.JsonSyntaxException: Invalid or unsupported recipe type 'garnished:red_dye_blowing'
[04May2026 01:29:05.346] [main/ERROR] [net.minecraft.world.item.crafting.RecipeManager/]: Parsing error loading recipe create_alexscaves_compat:dye_blowing/alexscaves/yellow/sweetish_fish: com.google.gson.JsonSyntaxException: Invalid or unsupported recipe type 'garnished:yellow_dye_blowing'
[04May2026 01:29:05.367] [main/ERROR] [net.minecraft.world.item.crafting.RecipeManager/]: Parsing error loading recipe create_alexscaves_compat:dye_blowing/alexscaves/pink/gelatin: com.google.gson.JsonSyntaxException: Invalid or unsupported recipe type 'garnished:pink_dye_blowing'
[04May2026 01:29:05.378] [main/ERROR] [net.minecraft.world.item.crafting.RecipeManager/]: Parsing error loading recipe create_alexscaves_compat:dye_blowing/alexscaves/gray/rock_candy: com.google.gson.JsonSyntaxException: Invalid or unsupported recipe type 'garnished:gray_dye_blowing'
[04May2026 01:29:05.399] [main/ERROR] [net.minecraft.world.item.crafting.RecipeManager/]: Parsing error loading recipe create_alexscaves_compat:dye_blowing/alexscaves/magenta/rock_candy: com.google.gson.JsonSyntaxException: Invalid or unsupported recipe type 'garnished:magenta_dye_blowing'
[04May2026 01:29:05.436] [main/WARN] [com.simibubi.create.Create/]: Your custom create:pressing recipe (tfmg:pressing/aluminum_ingot) specified a duration. Durations have no impact on this type of recipe.
[04May2026 01:29:05.445] [main/WARN] [com.simibubi.create.Create/]: Your custom tfmg:casting recipe (tfmg:casting/cinderblock) specified a duration. Durations have no impact on this type of recipe.
[04May2026 01:29:05.450] [main/ERROR] [net.minecraft.world.item.crafting.RecipeManager/]: Parsing error loading recipe create_alexscaves_compat:dye_blowing/alexscaves/black/radon_lamp: com.google.gson.JsonSyntaxException: Invalid or unsupported recipe type 'garnished:black_dye_blowing'
[04May2026 01:29:05.452] [main/ERROR] [net.minecraft.world.item.crafting.RecipeManager/]: Parsing error loading recipe tinkersjewelry:tools/materials/gems/hematite: com.google.gson.JsonSyntaxException: Unknown item 'tinkers_things:hematite'
[04May2026 01:29:05.461] [main/ERROR] [net.minecraft.world.item.crafting.RecipeManager/]: Parsing error loading recipe create_alexscaves_compat:dye_blowing/alexscaves/red/gelatin: com.google.gson.JsonSyntaxException: Invalid or unsupported recipe type 'garnished:red_dye_blowing'
[04May2026 01:29:05.471] [main/WARN] [com.simibubi.create.Create/]: Your custom tfmg:industrial_blasting recipe (tfmg:industrial_blasting/steel) specified a duration. Durations have no impact on this type of recipe.
[04May2026 01:29:05.472] [main/WARN] [com.simibubi.create.Create/]: Your custom tfmg:casting recipe (tfmg:casting/plastic_sheet) specified a duration. Durations have no impact on this type of recipe.
[04May2026 01:29:05.475] [main/WARN] [com.simibubi.create.Create/]: Your custom tfmg:winding recipe (tfmg:sequenced_assembly/potentiometer_step_0) specified a duration. Durations have no impact on this type of recipe.
[04May2026 01:29:05.498] [main/ERROR] [net.minecraft.world.item.crafting.RecipeManager/]: Parsing error loading recipe create_alexscaves_compat:dye_blowing/alexscaves/black/rock_candy: com.google.gson.JsonSyntaxException: Invalid or unsupported recipe type 'garnished:black_dye_blowing'
[04May2026 01:29:05.530] [main/ERROR] [net.minecraft.world.item.crafting.RecipeManager/]: Parsing error loading recipe create_alexscaves_compat:channeling/muck: com.google.gson.JsonSyntaxException: Invalid or unsupported recipe type 'create_aquatic_ambitions:channeling'
[04May2026 01:29:05.537] [main/ERROR] [net.minecraft.world.item.crafting.RecipeManager/]: Parsing error loading recipe create_alexscaves_compat:dye_blowing/alexscaves/gray/radon_lamp: com.google.gson.JsonSyntaxException: Invalid or unsupported recipe type 'garnished:gray_dye_blowing'
[04May2026 01:29:05.566] [main/WARN] [com.simibubi.create.Create/]: Your custom tfmg:vat_machine_recipe recipe (tfmg:vat_machine_recipe/plastic_from_ethylene) specified a heat condition. Heat conditions have no impact on this type of recipe.
[04May2026 01:29:05.567] [main/ERROR] [net.minecraft.world.item.crafting.RecipeManager/]: Parsing error loading recipe create_alexscaves_compat:dye_blowing/alexscaves/light_blue/radon_lamp: com.google.gson.JsonSyntaxException: Invalid or unsupported recipe type 'garnished:light_blue_dye_blowing'
[04May2026 01:29:05.569] [main/ERROR] [net.minecraft.world.item.crafting.RecipeManager/]: Parsing error loading recipe create_alexscaves_compat:crafting/neapolitan/vanilla_ice_cream: com.google.gson.JsonSyntaxException: Unknown item 'neapolitan:vanilla_ice_cream'
[04May2026 01:29:05.571] [main/WARN] [com.simibubi.create.Create/]: Your custom tfmg:winding recipe (tfmg:sequenced_assembly/generator_step_2) specified a duration. Durations have no impact on this type of recipe.
[04May2026 01:29:05.579] [main/ERROR] [net.minecraft.world.item.crafting.RecipeManager/]: Parsing error loading recipe create_alexscaves_compat:dye_blowing/alexscaves/lime/radon_lamp: com.google.gson.JsonSyntaxException: Invalid or unsupported recipe type 'garnished:lime_dye_blowing'
[04May2026 01:29:05.583] [main/ERROR] [net.minecraft.world.item.crafting.RecipeManager/]: Parsing error loading recipe create_alexscaves_compat:dye_blowing/alexscaves/blue/gummy_ring: com.google.gson.JsonSyntaxException: Invalid or unsupported recipe type 'garnished:blue_dye_blowing'
[04May2026 01:29:05.600] [main/ERROR] [net.minecraft.world.item.crafting.RecipeManager/]: Parsing error loading recipe create_alexscaves_compat:dye_blowing/alexscaves/blue/gelatin: com.google.gson.JsonSyntaxException: Invalid or unsupported recipe type 'garnished:blue_dye_blowing'
[04May2026 01:29:05.605] [main/ERROR] [net.minecraft.world.item.crafting.RecipeManager/]: Parsing error loading recipe create_alexscaves_compat:dye_blowing/alexscaves/light_gray/radon_lamp: com.google.gson.JsonSyntaxException: Invalid or unsupported recipe type 'garnished:light_gray_dye_blowing'
[04May2026 01:29:05.606] [main/WARN] [Mantle/]: Using deprecated JSON key 'name' while parsing Recipe tinker_in_caves:materials/composite/casting_toxic_paste, switch to current name of 'fluid'
[04May2026 01:29:05.624] [main/WARN] [com.simibubi.create.Create/]: Your custom create:pressing recipe (tfmg:pressing/synthetic_leather) specified a duration. Durations have no impact on this type of recipe.
[04May2026 01:29:05.633] [main/ERROR] [net.minecraft.world.item.crafting.RecipeManager/]: Parsing error loading recipe create_alexscaves_compat:dye_blowing/alexscaves/pink/gummy_ring: com.google.gson.JsonSyntaxException: Invalid or unsupported recipe type 'garnished:pink_dye_blowing'
[04May2026 01:29:05.635] [main/WARN] [com.simibubi.create.Create/]: Your custom tfmg:industrial_blasting recipe (tfmg:industrial_blasting/steel_from_raw_iron) specified a duration. Durations have no impact on this type of recipe.
[04May2026 01:29:05.685] [main/ERROR] [net.minecraft.world.item.crafting.RecipeManager/]: Parsing error loading recipe create_alexscaves_compat:dye_blowing/alexscaves/green/gelatin: com.google.gson.JsonSyntaxException: Invalid or unsupported recipe type 'garnished:green_dye_blowing'
[04May2026 01:29:05.690] [main/ERROR] [net.minecraft.world.item.crafting.RecipeManager/]: Parsing error loading recipe create_alexscaves_compat:rolling/scrap_metal: com.google.gson.JsonSyntaxException: Invalid or unsupported recipe type 'createaddition:rolling'
[04May2026 01:29:05.692] [main/ERROR] [net.minecraft.world.item.crafting.RecipeManager/]: Parsing error loading recipe create_alexscaves_compat:dye_blowing/alexscaves/magenta/radon_lamp: com.google.gson.JsonSyntaxException: Invalid or unsupported recipe type 'garnished:magenta_dye_blowing'
[04May2026 01:29:05.694] [main/ERROR] [net.minecraft.world.item.crafting.RecipeManager/]: Parsing error loading recipe create_alexscaves_compat:dye_blowing/alexscaves/orange/rock_candy: com.google.gson.JsonSyntaxException: Invalid or unsupported recipe type 'garnished:orange_dye_blowing'
[04May2026 01:29:05.706] [main/ERROR] [net.minecraft.world.item.crafting.RecipeManager/]: Parsing error loading recipe create_alexscaves_compat:dye_blowing/alexscaves/yellow/gummy_ring: com.google.gson.JsonSyntaxException: Invalid or unsupported recipe type 'garnished:yellow_dye_blowing'
[04May2026 01:29:05.731] [main/ERROR] [net.minecraft.world.item.crafting.RecipeManager/]: Parsing error loading recipe create_alexscaves_compat:channeling/abyssmarine: com.google.gson.JsonSyntaxException: Invalid or unsupported recipe type 'create_aquatic_ambitions:channeling'
[04May2026 01:29:05.737] [main/ERROR] [net.minecraft.world.item.crafting.RecipeManager/]: Parsing error loading recipe create_alexscaves_compat:dye_blowing/alexscaves/white/radon_lamp: com.google.gson.JsonSyntaxException: Invalid or unsupported recipe type 'garnished:white_dye_blowing'
[04May2026 01:29:05.737] [main/ERROR] [net.minecraft.world.item.crafting.RecipeManager/]: Parsing error loading recipe create_alexscaves_compat:dye_blowing/alexscaves/red/rock_candy: com.google.gson.JsonSyntaxException: Invalid or unsupported recipe type 'garnished:red_dye_blowing'
[04May2026 01:29:05.738] [main/ERROR] [net.minecraft.world.item.crafting.RecipeManager/]: Parsing error loading recipe create_alexscaves_compat:dye_blowing/alexscaves/pink/radon_lamp: com.google.gson.JsonSyntaxException: Invalid or unsupported recipe type 'garnished:pink_dye_blowing'
[04May2026 01:29:05.739] [main/ERROR] [net.minecraft.world.item.crafting.RecipeManager/]: Parsing error loading recipe create_alexscaves_compat:dye_blowing/alexscaves/purple/radon_lamp: com.google.gson.JsonSyntaxException: Invalid or unsupported recipe type 'garnished:purple_dye_blowing'
[04May2026 01:29:05.741] [main/INFO] [net.minecraft.world.item.crafting.RecipeManager/]: Skipping loading recipe supplementaries:inspirations/flag_clear as it's serializer returned null
[04May2026 01:29:05.746] [main/ERROR] [net.minecraft.world.item.crafting.RecipeManager/]: Parsing error loading recipe create_alexscaves_compat:crafting/neapolitan/chocolate_ice_cream: com.google.gson.JsonSyntaxException: Unknown item 'neapolitan:chocolate_ice_cream'
[04May2026 01:29:05.754] [main/ERROR] [net.minecraft.world.item.crafting.RecipeManager/]: Parsing error loading recipe create_alexscaves_compat:dye_blowing/alexscaves/lime/rock_candy: com.google.gson.JsonSyntaxException: Invalid or unsupported recipe type 'garnished:lime_dye_blowing'
[04May2026 01:29:05.770] [main/ERROR] [net.minecraft.world.item.crafting.RecipeManager/]: Parsing error loading recipe create_alexscaves_compat:channeling/bioluminesscence: com.google.gson.JsonSyntaxException: Invalid or unsupported recipe type 'create_aquatic_ambitions:channeling'
[04May2026 01:29:05.774] [main/ERROR] [net.minecraft.world.item.crafting.RecipeManager/]: Parsing error loading recipe create_alexscaves_compat:dye_blowing/alexscaves/light_gray/rock_candy: com.google.gson.JsonSyntaxException: Invalid or unsupported recipe type 'garnished:light_gray_dye_blowing'
[04May2026 01:29:05.779] [main/ERROR] [net.minecraft.world.item.crafting.RecipeManager/]: Parsing error loading recipe create_alexscaves_compat:dye_blowing/alexscaves/blue/rock_candy: com.google.gson.JsonSyntaxException: Invalid or unsupported recipe type 'garnished:blue_dye_blowing'
[04May2026 01:29:05.793] [main/WARN] [com.simibubi.create.Create/]: Your custom tfmg:vat_machine_recipe recipe (tfmg:vat_machine_recipe/rubber) specified a heat condition. Heat conditions have no impact on this type of recipe.
[04May2026 01:29:05.806] [main/WARN] [com.simibubi.create.Create/]: Your custom tfmg:winding recipe (tfmg:sequenced_assembly/motor_step_0) specified a duration. Durations have no impact on this type of recipe.
[04May2026 01:29:05.810] [main/ERROR] [net.minecraft.world.item.crafting.RecipeManager/]: Parsing error loading recipe create_alexscaves_compat:dye_blowing/alexscaves/brown/radon_lamp: com.google.gson.JsonSyntaxException: Invalid or unsupported recipe type 'garnished:brown_dye_blowing'
[04May2026 01:29:05.818] [main/ERROR] [net.minecraft.world.item.crafting.RecipeManager/]: Parsing error loading recipe create_alexscaves_compat:dye_blowing/alexscaves/yellow/radon_lamp: com.google.gson.JsonSyntaxException: Invalid or unsupported recipe type 'garnished:yellow_dye_blowing'
[04May2026 01:29:05.820] [main/INFO] [net.minecraft.world.item.crafting.RecipeManager/]: Skipping loading recipe supplementaries:inspirations/blackboard_clear as it's serializer returned null
[04May2026 01:29:05.848] [main/WARN] [com.simibubi.create.Create/]: Your custom tfmg:coking recipe (tfmg:coking/coal) specified a duration. Durations have no impact on this type of recipe.
[04May2026 01:29:05.850] [main/ERROR] [net.minecraft.world.item.crafting.RecipeManager/]: Parsing error loading recipe tcompat:tools/modifiers/slotless/ambrofusion/ambrosium_block: com.google.gson.JsonSyntaxException: Invalid or unsupported recipe type 'tcompat:ambrofusion_modifier'
[04May2026 01:29:05.855] [main/INFO] [net.minecraft.world.item.crafting.RecipeManager/]: Skipping loading recipe supplementaries:inspirations/flag_dye as it's serializer returned null
[04May2026 01:29:05.861] [main/WARN] [com.simibubi.create.Create/]: Your custom tfmg:casting recipe (tfmg:casting/slag_block) specified a duration. Durations have no impact on this type of recipe.
[04May2026 01:29:05.861] [main/ERROR] [net.minecraft.world.item.crafting.RecipeManager/]: Parsing error loading recipe create_alexscaves_compat:dye_blowing/alexscaves/cyan/radon_lamp: com.google.gson.JsonSyntaxException: Invalid or unsupported recipe type 'garnished:cyan_dye_blowing'
[04May2026 01:29:05.868] [main/ERROR] [net.minecraft.world.item.crafting.RecipeManager/]: Parsing error loading recipe create_alexscaves_compat:dye_blowing/alexscaves/yellow/rock_candy: com.google.gson.JsonSyntaxException: Invalid or unsupported recipe type 'garnished:yellow_dye_blowing'
[04May2026 01:29:05.869] [main/WARN] [com.simibubi.create.Create/]: Your custom tfmg:industrial_blasting recipe (tfmg:industrial_blasting/steel_from_dust) specified a duration. Durations have no impact on this type of recipe.
[04May2026 01:29:05.879] [main/WARN] [com.simibubi.create.Create/]: Your custom tfmg:vat_machine_recipe recipe (tfmg:vat_machine_recipe/etched_circuit_board) specified a duration. Durations have no impact on this type of recipe.
[04May2026 01:29:05.880] [main/ERROR] [net.minecraft.world.item.crafting.RecipeManager/]: Parsing error loading recipe create_alexscaves_compat:dye_blowing/alexscaves/orange/radon_lamp: com.google.gson.JsonSyntaxException: Invalid or unsupported recipe type 'garnished:orange_dye_blowing'
[04May2026 01:29:05.891] [main/WARN] [com.simibubi.create.Create/]: Your custom tfmg:casting recipe (tfmg:casting/silicon) specified a duration. Durations have no impact on this type of recipe.
[04May2026 01:29:05.910] [main/WARN] [com.simibubi.create.Create/]: Your custom tfmg:vat_machine_recipe recipe (tfmg:vat_machine_recipe/plastic_from_propylene) specified a heat condition. Heat conditions have no impact on this type of recipe.
[04May2026 01:29:05.931] [main/WARN] [com.simibubi.create.Create/]: Your custom create:pressing recipe (tfmg:pressing/cast_iron_ingot) specified a duration. Durations have no impact on this type of recipe.
[04May2026 01:29:05.932] [main/ERROR] [net.minecraft.world.item.crafting.RecipeManager/]: Parsing error loading recipe create_alexscaves_compat:channeling/marine_snow: com.google.gson.JsonSyntaxException: Invalid or unsupported recipe type 'create_aquatic_ambitions:channeling'
[04May2026 01:29:05.933] [main/ERROR] [net.minecraft.world.item.crafting.RecipeManager/]: Parsing error loading recipe create_alexscaves_compat:dye_blowing/alexscaves/brown/rock_candy: com.google.gson.JsonSyntaxException: Invalid or unsupported recipe type 'garnished:brown_dye_blowing'
[04May2026 01:29:05.934] [main/ERROR] [net.minecraft.world.item.crafting.RecipeManager/]: Parsing error loading recipe create_alexscaves_compat:dye_blowing/alexscaves/red/gummy_ring: com.google.gson.JsonSyntaxException: Invalid or unsupported recipe type 'garnished:red_dye_blowing'
[04May2026 01:29:05.956] [main/ERROR] [net.minecraft.world.item.crafting.RecipeManager/]: Parsing error loading recipe create_alexscaves_compat:dye_blowing/alexscaves/cyan/rock_candy: com.google.gson.JsonSyntaxException: Invalid or unsupported recipe type 'garnished:cyan_dye_blowing'
[04May2026 01:29:05.956] [main/ERROR] [net.minecraft.world.item.crafting.RecipeManager/]: Parsing error loading recipe create_alexscaves_compat:freezing/flood_basalt_from_primal_magma: com.google.gson.JsonSyntaxException: Invalid or unsupported recipe type 'garnished:freezing'
[04May2026 01:29:05.968] [main/ERROR] [net.minecraft.world.item.crafting.RecipeManager/]: Parsing error loading recipe create_alexscaves_compat:dye_blowing/alexscaves/yellow/gelatin: com.google.gson.JsonSyntaxException: Invalid or unsupported recipe type 'garnished:yellow_dye_blowing'
[04May2026 01:29:05.970] [main/ERROR] [net.minecraft.world.item.crafting.RecipeManager/]: Parsing error loading recipe create_alexscaves_compat:dye_blowing/alexscaves/red/radon_lamp: com.google.gson.JsonSyntaxException: Invalid or unsupported recipe type 'garnished:red_dye_blowing'
[04May2026 01:29:05.978] [main/ERROR] [net.minecraft.world.item.crafting.RecipeManager/]: Parsing error loading recipe create_alexscaves_compat:dye_blowing/alexscaves/purple/rock_candy: com.google.gson.JsonSyntaxException: Invalid or unsupported recipe type 'garnished:purple_dye_blowing'
[04May2026 01:29:05.988] [main/WARN] [com.simibubi.create.Create/]: Your custom create:pressing recipe (tfmg:pressing/nickel_ingot) specified a duration. Durations have no impact on this type of recipe.
[04May2026 01:29:05.989] [main/ERROR] [net.minecraft.world.item.crafting.RecipeManager/]: Parsing error loading recipe tcompat:tools/modifiers/slotless/ambrofusion/ambrosium_shard: com.google.gson.JsonSyntaxException: Invalid or unsupported recipe type 'tcompat:ambrofusion_modifier'
[04May2026 01:29:05.989] [main/ERROR] [net.minecraft.world.item.crafting.RecipeManager/]: Parsing error loading recipe create_alexscaves_compat:dye_blowing/alexscaves/blue/radon_lamp: com.google.gson.JsonSyntaxException: Invalid or unsupported recipe type 'garnished:blue_dye_blowing'
[04May2026 01:29:05.999] [main/ERROR] [net.minecraft.world.item.crafting.RecipeManager/]: Parsing error loading recipe create_alexscaves_compat:dye_blowing/alexscaves/pink/sweetish_fish: com.google.gson.JsonSyntaxException: Invalid or unsupported recipe type 'garnished:pink_dye_blowing'
[04May2026 01:29:06.002] [main/ERROR] [net.minecraft.world.item.crafting.RecipeManager/]: Parsing error loading recipe create_alexscaves_compat:dye_blowing/alexscaves/green/gummy_ring: com.google.gson.JsonSyntaxException: Invalid or unsupported recipe type 'garnished:green_dye_blowing'
[04May2026 01:29:06.008] [main/WARN] [com.simibubi.create.Create/]: Your custom tfmg:vat_machine_recipe recipe (tfmg:vat_machine_recipe/aluminum) specified a duration. Durations have no impact on this type of recipe.
[04May2026 01:29:06.008] [main/WARN] [com.simibubi.create.Create/]: Your custom tfmg:vat_machine_recipe recipe (tfmg:vat_machine_recipe/aluminum) specified a heat condition. Heat conditions have no impact on this type of recipe.
[04May2026 01:29:06.009] [main/ERROR] [net.minecraft.world.item.crafting.RecipeManager/]: Parsing error loading recipe create_alexscaves_compat:charging/energized_galena_neutral: com.google.gson.JsonSyntaxException: Invalid or unsupported recipe type 'createaddition:charging'
[04May2026 01:29:06.011] [main/ERROR] [net.minecraft.world.item.crafting.RecipeManager/]: Parsing error loading recipe create_alexscaves_compat:dye_blowing/alexscaves/white/rock_candy: com.google.gson.JsonSyntaxException: Invalid or unsupported recipe type 'garnished:white_dye_blowing'
[04May2026 01:29:06.030] [main/WARN] [com.simibubi.create.Create/]: Your custom tfmg:winding recipe (tfmg:winding/resistor) specified a duration. Durations have no impact on this type of recipe.
[04May2026 01:29:06.036] [main/ERROR] [net.minecraft.world.item.crafting.RecipeManager/]: Parsing error loading recipe create_alexscaves_compat:dye_blowing/alexscaves/green/sweetish_fish: com.google.gson.JsonSyntaxException: Invalid or unsupported recipe type 'garnished:green_dye_blowing'
[04May2026 01:29:06.050] [main/WARN] [com.simibubi.create.Create/]: Your custom create:pressing recipe (tfmg:pressing/lead_ingot) specified a duration. Durations have no impact on this type of recipe.
[04May2026 01:29:06.066] [main/ERROR] [net.minecraft.world.item.crafting.RecipeManager/]: Parsing error loading recipe create_alexscaves_compat:dye_blowing/alexscaves/blue/sweetish_fish: com.google.gson.JsonSyntaxException: Invalid or unsupported recipe type 'garnished:blue_dye_blowing'
[04May2026 01:29:06.069] [main/WARN] [com.simibubi.create.Create/]: Your custom tfmg:hot_blast recipe (tfmg:hot_blast/hot_air) specified a duration. Durations have no impact on this type of recipe.
[04May2026 01:29:06.070] [main/ERROR] [net.minecraft.world.item.crafting.RecipeManager/]: Parsing error loading recipe create_alexscaves_compat:dye_blowing/alexscaves/green/radon_lamp: com.google.gson.JsonSyntaxException: Invalid or unsupported recipe type 'garnished:green_dye_blowing'
[04May2026 01:29:06.071] [main/WARN] [com.simibubi.create.Create/]: Your custom tfmg:casting recipe (tfmg:casting/steel) specified a duration. Durations have no impact on this type of recipe.
[04May2026 01:29:06.074] [main/WARN] [com.simibubi.create.Create/]: Your custom tfmg:coking recipe (tfmg:coking/charcoal) specified a duration. Durations have no impact on this type of recipe.
[04May2026 01:29:06.092] [main/ERROR] [net.minecraft.world.item.crafting.RecipeManager/]: Parsing error loading recipe create_alexscaves_compat:channeling/pearl: com.google.gson.JsonSyntaxException: Invalid or unsupported recipe type 'create_aquatic_ambitions:channeling'
[04May2026 01:29:06.097] [main/WARN] [com.simibubi.create.Create/]: Your custom tfmg:vat_machine_recipe recipe (tfmg:vat_machine_recipe/arc_furnace_steel) specified a duration. Durations have no impact on this type of recipe.
[04May2026 01:29:06.100] [main/ERROR] [net.minecraft.world.item.crafting.RecipeManager/]: Parsing error loading recipe create_alexscaves_compat:dye_blowing/alexscaves/light_blue/rock_candy: com.google.gson.JsonSyntaxException: Invalid or unsupported recipe type 'garnished:light_blue_dye_blowing'
[04May2026 01:29:06.108] [main/WARN] [com.simibubi.create.Create/]: Your custom tfmg:vat_machine_recipe recipe (tfmg:vat_machine_recipe/naphtha) specified a heat condition. Heat conditions have no impact on this type of recipe.
[04May2026 01:29:06.114] [main/WARN] [com.simibubi.create.Create/]: Your custom tfmg:winding recipe (tfmg:winding/electromagnetic_coil) specified a duration. Durations have no impact on this type of recipe.
[04May2026 01:29:06.141] [main/INFO] [net.minecraft.world.item.crafting.RecipeManager/]: Loaded 85 recipes
[04May2026 01:29:06.245] [main/ERROR] [net.minecraft.server.ServerAdvancementManager/]: Parsing error loading custom advancement createnuclear:automatic_uranium: Invalid criterion trigger: create:automatic_uranium_builtin
[04May2026 01:29:06.313] [main/INFO] [quark/]: [Automatic Recipe Unlock] Removed 6361 recipe advancements
[04May2026 01:29:06.328] [main/INFO] [net.minecraft.advancements.AdvancementList/]: Loaded 802 advancements
[04May2026 01:29:06.341] [main/INFO] [placebo/]: Registered 0 additional recipes.
[04May2026 01:29:06.343] [main/INFO] [com.cupboard.Cupboard/]: Loaded config for: lootintegrations.json
[04May2026 01:29:06.357] [main/INFO] [top.theillusivec4.curios.Curios/]: Loaded 15 curio slots
[04May2026 01:29:06.360] [main/INFO] [top.theillusivec4.curios.Curios/]: Loaded 11 curio entities
[04May2026 01:29:06.362] [main/ERROR] [com.craisinlord.integrated_api.IntegratedAPI/]: Integrated API Error: Couldn't parse spawner mob list idas:dread_citadel
java.lang.Exception: Error: iceandfire:dread_lich is not a valid entity ID!
	at com.craisinlord.integrated_api.misc.mobspawners.MobSpawnerObj.setEntityType(MobSpawnerObj.java:37) ~[integrated_api-1.7.1+1.20.1-forge.jar%23282!/:?]
	at com.craisinlord.integrated_api.misc.mobspawners.MobSpawnerManager.lambda$apply$0(MobSpawnerManager.java:41) ~[integrated_api-1.7.1+1.20.1-forge.jar%23282!/:?]
	at java.util.HashMap.forEach(HashMap.java:1421) ~[?:?]
	at com.craisinlord.integrated_api.misc.mobspawners.MobSpawnerManager.apply(MobSpawnerManager.java:36) ~[integrated_api-1.7.1+1.20.1-forge.jar%23282!/:?]
	at com.craisinlord.integrated_api.misc.mobspawners.MobSpawnerManager.m_5787_(MobSpawnerManager.java:23) ~[integrated_api-1.7.1+1.20.1-forge.jar%23282!/:?]
	at net.minecraft.server.packs.resources.SimplePreparableReloadListener.m_10789_(SimplePreparableReloadListener.java:13) ~[server-1.20.1-20230612.114412-srg.jar%23350!/:?]
	at java.util.concurrent.CompletableFuture$UniAccept.tryFire(CompletableFuture.java:718) ~[?:?]
	at java.util.concurrent.CompletableFuture$Completion.run(CompletableFuture.java:482) ~[?:?]
	at net.minecraft.server.packs.resources.SimpleReloadInstance.m_143940_(SimpleReloadInstance.java:69) ~[server-1.20.1-20230612.114412-srg.jar%23350!/:?]
	at net.minecraft.Util.m_214652_(Util.java:783) ~[server-1.20.1-20230612.114412-srg.jar%23350!/:?]
	at net.minecraft.Util.m_214679_(Util.java:772) ~[server-1.20.1-20230612.114412-srg.jar%23350!/:?]
	at net.minecraft.server.Main.main(Main.java:166) ~[server-1.20.1-20230612.114412-srg.jar%23350!/:?]
	at jdk.internal.reflect.NativeMethodAccessorImpl.invoke0(Native Method) ~[?:?]
	at jdk.internal.reflect.NativeMethodAccessorImpl.invoke(NativeMethodAccessorImpl.java:77) ~[?:?]
	at jdk.internal.reflect.DelegatingMethodAccessorImpl.invoke(DelegatingMethodAccessorImpl.java:43) ~[?:?]
	at java.lang.reflect.Method.invoke(Method.java:569) ~[?:?]
	at net.minecraftforge.fml.loading.targets.CommonLaunchHandler.runTarget(CommonLaunchHandler.java:111) ~[fmlloader-1.20.1-47.4.16.jar%2367!/:?]
	at net.minecraftforge.fml.loading.targets.CommonLaunchHandler.serverService(CommonLaunchHandler.java:103) ~[fmlloader-1.20.1-47.4.16.jar%2367!/:?]
	at net.minecraftforge.fml.loading.targets.CommonServerLaunchHandler.lambda$makeService$0(CommonServerLaunchHandler.java:27) ~[fmlloader-1.20.1-47.4.16.jar%2367!/:?]
	at cpw.mods.modlauncher.LaunchServiceHandlerDecorator.launch(LaunchServiceHandlerDecorator.java:30) ~[modlauncher-10.0.9.jar%2353!/:?]
	at cpw.mods.modlauncher.LaunchServiceHandler.launch(LaunchServiceHandler.java:53) ~[modlauncher-10.0.9.jar%2353!/:?]
	at cpw.mods.modlauncher.LaunchServiceHandler.launch(LaunchServiceHandler.java:71) ~[modlauncher-10.0.9.jar%2353!/:?]
	at cpw.mods.modlauncher.Launcher.run(Launcher.java:108) ~[modlauncher-10.0.9.jar%2353!/:?]
	at cpw.mods.modlauncher.Launcher.main(Launcher.java:78) ~[modlauncher-10.0.9.jar%2353!/:?]
	at cpw.mods.modlauncher.BootstrapLaunchConsumer.accept(BootstrapLaunchConsumer.java:26) ~[modlauncher-10.0.9.jar%2353!/:?]
	at cpw.mods.modlauncher.BootstrapLaunchConsumer.accept(BootstrapLaunchConsumer.java:23) ~[modlauncher-10.0.9.jar%2353!/:?]
	at cpw.mods.bootstraplauncher.BootstrapLauncher.main(BootstrapLauncher.java:141) ~[bootstraplauncher-1.1.2.jar:?]
[04May2026 01:29:06.389] [main/INFO] [slimeknights.tconstruct.library.materials.definition.MaterialManager/]: Loaded 171 materials in 8.110282 ms
[04May2026 01:29:06.392] [main/ERROR] [net.minecraft.tags.TagLoader/]: Couldn't load tag tcompat:aether as it is missing following references: tcompat:aether_rock (from tcompat-1.20.1-1.3.1.jar), 
	tcompat:aether_wood (from tcompat-1.20.1-1.3.1.jar), 
	tcompat:zanite (from tcompat-1.20.1-1.3.1.jar), 
	tcompat:gravitite (from tcompat-1.20.1-1.3.1.jar), 
	tcompat:skyjade (from tcompat-1.20.1-1.3.1.jar), 
	tcompat:veridium (from tcompat-1.20.1-1.3.1.jar), 
	tcompat:refined_sentrite (from tcompat-1.20.1-1.3.1.jar), 
	tcompat:pyral (from tcompat-1.20.1-1.3.1.jar), 
	tcompat:valkyrum (from tcompat-1.20.1-1.3.1.jar), 
	tcompat:neptune (from tcompat-1.20.1-1.3.1.jar)
[04May2026 01:29:06.394] [main/INFO] [slimeknights.tconstruct.library.materials.definition.MaterialManager/]: Loaded 17 material tags for 104 materials in 4.681731 ms
[04May2026 01:29:06.416] [main/INFO] [slimeknights.tconstruct.library.materials.stats.MaterialStatsManager/]: 1068 stats loaded for 212 materials in 22.131628 ms
[04May2026 01:29:06.447] [main/INFO] [slimeknights.tconstruct.library.materials.traits.MaterialTraitsManager/]: 885 traits loaded for 212 materials in 30.180887 ms
[04May2026 01:29:06.450] [main/INFO] [tconstruct/]: Loaded 5 mob equipment replacements targeting 9 mobs in 2.877522 ms
[04May2026 01:29:06.502] [main/WARN] [Mantle/]: Using deprecated JSON key 'count' while parsing Modifier tinker_in_caves:magnet_core, switch to current name of 'each_level'
[04May2026 01:29:06.509] [main/WARN] [Mantle/]: Using deprecated JSON key 'count' while parsing Modifier tinker_in_caves:curiosity, switch to current name of 'each_level'
[04May2026 01:29:06.509] [main/WARN] [Mantle/]: Using deprecated JSON key 'count' while parsing Modifier tinkersjewelry:polish, switch to current name of 'each_level'
[04May2026 01:29:06.514] [main/WARN] [Mantle/]: Using deprecated JSON key 'count' while parsing Modifier tinkersjewelry:precious, switch to current name of 'each_level'
[04May2026 01:29:06.527] [main/WARN] [slimeknights.tconstruct.library.modifiers.ModifierManager/]: Dynamic modifier tcintegrations:ars_nouveau is replacing static modifier with the same ID. The ability to do this may be removed in a future version, so if this is intentional please open an issue report with reasoning..
[04May2026 01:29:06.527] [main/INFO] [slimeknights.tconstruct.library.modifiers.ModifierManager/]: Loaded 321 dynamic modifiers and 5 modifier redirects in 76.71774 ms
[04May2026 01:29:06.534] [main/INFO] [slimeknights.tconstruct.library.modifiers.ModifierManager/]: Loaded 54 modifier tags for 229 modifiers in 7.470788 ms
[04May2026 01:29:06.535] [main/INFO] [slimeknights.tconstruct.library.modifiers.ModifierManager/]: Loaded 58 enchantment to modifier mappings in 0.853394 ms
[04May2026 01:29:06.537] [main/WARN] [Mantle/]: Using deprecated JSON key 'name' while parsing Fluid Effect tinker_in_caves:molten_azure_neodymium_ingot, switch to current name of 'fluid'
[04May2026 01:29:06.538] [main/WARN] [Mantle/]: Using deprecated JSON key 'name' while parsing Fluid Effect tinker_in_caves:molten_azure_neodymium, switch to current name of 'fluid'
[04May2026 01:29:06.538] [main/WARN] [Mantle/]: Using deprecated JSON key 'name' while parsing Fluid Effect tinker_in_caves:molten_scarlet_neodymium_ingot, switch to current name of 'fluid'
[04May2026 01:29:06.538] [main/WARN] [Mantle/]: Using deprecated JSON key 'name' while parsing Fluid Effect tinker_in_caves:purple_soda, switch to current name of 'fluid'
[04May2026 01:29:06.538] [main/WARN] [Mantle/]: Using deprecated JSON key 'name' while parsing Fluid Effect tinker_in_caves:acid, switch to current name of 'fluid'
[04May2026 01:29:06.538] [main/WARN] [Mantle/]: Using deprecated JSON key 'name' while parsing Fluid Effect tinker_in_caves:molten_scarlet_neodymium, switch to current name of 'fluid'
[04May2026 01:29:06.540] [main/INFO] [tconstruct/]: Loaded 73 spilling fluids in 4.438586 ms
[04May2026 01:29:06.570] [main/INFO] [slimeknights.mantle.fluid.transfer.FluidContainerTransferManager/]: Loaded 28 dynamic modifiers in 1.027469 ms
[04May2026 01:29:06.572] [main/INFO] [quark-zeta/]: Modified advancement minecraft:husbandry/wax_on with 2 patches
[04May2026 01:29:06.572] [main/INFO] [quark-zeta/]: Modified advancement minecraft:adventure/kill_a_mob with 3 patches
[04May2026 01:29:06.572] [main/INFO] [quark-zeta/]: Modified advancement minecraft:husbandry/bred_all_animals with 3 patches
[04May2026 01:29:06.573] [main/INFO] [quark-zeta/]: Modified advancement minecraft:adventure/kill_all_mobs with 3 patches
[04May2026 01:29:06.573] [main/INFO] [quark-zeta/]: Modified advancement minecraft:husbandry/balanced_diet with 3 patches
[04May2026 01:29:06.573] [main/INFO] [quark-zeta/]: Modified advancement minecraft:husbandry/plant_seed with 1 patches
[04May2026 01:29:06.573] [main/INFO] [quark-zeta/]: Modified advancement minecraft:nether/all_effects with 2 patches
[04May2026 01:29:06.573] [main/INFO] [quark-zeta/]: Modified advancement minecraft:husbandry/wax_off with 2 patches
[04May2026 01:29:06.574] [main/INFO] [quark-zeta/]: Modified advancement minecraft:adventure/adventuring_time with 1 patches
[04May2026 01:29:06.574] [main/INFO] [quark-zeta/]: Modified advancement minecraft:nether/all_potions with 1 patches
[04May2026 01:29:06.574] [main/INFO] [com.drmangotea.tfmg.TFMG/]: Added 8 Engine Fuel Types
[04May2026 01:29:06.582] [main/INFO] [Supplementaries/]: Loaded 27 flute songs
[04May2026 01:29:06.598] [main/INFO] [placebo/]: Registered 0 gear_sets.
[04May2026 01:29:06.616] [main/INFO] [slimeknights.tconstruct.library.tools.definition.ToolDefinitionLoader/]: Loaded 59 tool definitions in 17.386612 ms
[04May2026 01:29:06.620] [main/INFO] [slimeknights.tconstruct.library.tools.layout.StationSlotLayoutLoader/]: Loaded 30 station slot layouts in 3.775999 ms
[04May2026 01:29:06.628] [main/WARN] [net.minecraft.core.MappedRegistry/]: Not all defined tags for registry ResourceKey[minecraft:root / minecraft:worldgen/structure] are present in data pack: minecraft:village
[04May2026 01:29:06.633] [main/WARN] [net.minecraft.core.MappedRegistry/]: Not all defined tags for registry ResourceKey[minecraft:root / minecraft:worldgen/biome] are present in data pack: idas:has_structure/bopmahogany_biomes, idas:has_structure/bopredwood_biomes, idas:has_structure/bygmahogany_biomes, idas:has_structure/bygredwood_biomes
[04May2026 01:29:06.730] [main/INFO] [Moonlight/]: Applied 18 data villager trades
[04May2026 01:29:06.781] [main/INFO] [Supplementaries/]: Finished additional setup in 0 ms
[04May2026 01:29:06.822] [main/WARN] [ModernFix/]: Initial datapack load took 7.291 s
[04May2026 01:29:07.070] [Server thread/INFO] [net.minecraft.server.dedicated.DedicatedServer/]: Starting minecraft server version 1.20.1
[04May2026 01:29:07.070] [Server thread/INFO] [net.minecraft.server.dedicated.DedicatedServer/]: Loading properties
[04May2026 01:29:07.070] [Server thread/INFO] [net.minecraft.server.dedicated.DedicatedServer/]: Default game type: SURVIVAL
[04May2026 01:29:07.070] [Server thread/INFO] [net.minecraft.server.MinecraftServer/]: Generating keypair
[04May2026 01:29:07.248] [Server thread/INFO] [net.minecraft.server.dedicated.DedicatedServer/]: Starting Minecraft server on *:25565
[04May2026 01:29:07.279] [Server thread/INFO] [net.minecraft.server.network.ServerConnectionListener/]: Using epoll channel type
[04May2026 01:29:07.364] [Server thread/WARN] [net.minecraft.server.dedicated.DedicatedServer/]: **** SERVER IS RUNNING IN OFFLINE/INSECURE MODE!
[04May2026 01:29:07.364] [Server thread/WARN] [net.minecraft.server.dedicated.DedicatedServer/]: The server will make no attempt to authenticate usernames. Beware.
[04May2026 01:29:07.364] [Server thread/WARN] [net.minecraft.server.dedicated.DedicatedServer/]: While this makes the game possible to play without internet access, it also opens up the ability for hackers to connect with any username they choose.
[04May2026 01:29:07.365] [Server thread/WARN] [net.minecraft.server.dedicated.DedicatedServer/]: To change this, set "online-mode" to "true" in the server.properties file.
[04May2026 01:29:07.849] [Server thread/INFO] [spark/]: Starting background profiler...
[04May2026 01:29:07.928] [Thread-0/INFO] [ModernFix/]: Please use /mfsrc to reload any changed mod config files
[04May2026 01:29:09.092] [Server thread/INFO] [zeta/]: Server starting, accepting filewatcher changes for zeta's config
[04May2026 01:29:09.093] [Server thread/INFO] [quark-zeta/]: Server starting, accepting filewatcher changes for quark's config
[04May2026 01:29:09.373] [Server thread/INFO] [terrablender/]: Initialized TerraBlender biomes for level stem minecraft:overworld
[04May2026 01:29:09.374] [Server thread/INFO] [terrablender/]: Initialized TerraBlender biomes for level stem minecraft:the_nether
[04May2026 01:29:09.374] [Server thread/INFO] [net.minecraft.server.dedicated.DedicatedServer/]: Preparing level "world"
[04May2026 01:29:10.482] [Server thread/WARN] [com.structureessentials.StructureEssentials/]: Non-unique structure_set salt:0 potentially creating overlapping structures detected. Structure sets: [minecraft:mineshafts, minecraft:strongholds, minecraft:buried_treasures]
[04May2026 01:29:10.483] [Server thread/WARN] [com.structureessentials.StructureEssentials/]: Non-unique structure_set salt:2358902 potentially creating overlapping structures detected. Structure sets: [terralith:mage, terralith:regular]
[04May2026 01:29:10.483] [Server thread/WARN] [com.structureessentials.StructureEssentials/]: Non-unique structure_set salt:10387313 potentially creating overlapping structures detected. Structure sets: [minecraft:ocean_monuments, minecraft:end_cities]
[04May2026 01:29:10.483] [Server thread/WARN] [com.structureessentials.StructureEssentials/]: Non-unique structure_set salt:2 potentially creating overlapping structures detected. Structure sets: [alexscaves:ocean_trench, alexscaves:acid_pit]
[04May2026 01:29:10.483] [Server thread/WARN] [com.structureessentials.StructureEssentials/]: Non-unique structure_set salt:3 potentially creating overlapping structures detected. Structure sets: [alexscaves:cake_cave, alexscaves:ferrocave]
[04May2026 01:29:10.484] [Server thread/WARN] [com.structureessentials.StructureEssentials/]: Non-unique structure_set salt:1982700828 potentially creating overlapping structures detected. Structure sets: [integrated_villages:regular_villages, integrated_villages:air_villages]
[04May2026 01:29:10.493] [Server thread/INFO] [net.minecraft.server.MinecraftServer/]: Preparing start region for dimension minecraft:overworld
[04May2026 01:29:11.181] [Server thread/INFO] [net.minecraft.server.level.progress.LoggerChunkProgressListener/]: Preparing spawn area: 0%
[04May2026 01:29:11.182] [Server thread/INFO] [net.minecraft.server.level.progress.LoggerChunkProgressListener/]: Preparing spawn area: 0%
[04May2026 01:29:11.596] [Server thread/INFO] [net.minecraft.server.level.progress.LoggerChunkProgressListener/]: Preparing spawn area: 0%
[04May2026 01:29:12.015] [Server thread/INFO] [net.minecraft.server.level.progress.LoggerChunkProgressListener/]: Preparing spawn area: 0%
[04May2026 01:29:12.102] [Server thread/INFO] [STDOUT/]: [earth.terrarium.botarium.common.energy.EnergyApi:finalizeBlockRegistration:39]: Finalizing energy block registration
[04May2026 01:29:12.103] [Server thread/INFO] [STDOUT/]: [earth.terrarium.botarium.common.fluid.FluidApi:finalizeBlockRegistration:42]: Finalizing fluid block registration
[04May2026 01:29:12.155] [Server thread/INFO] [com.cupboard.Cupboard/]: Loaded config for: limitedchunks.json
[04May2026 01:29:12.519] [Server thread/INFO] [net.minecraft.server.level.progress.LoggerChunkProgressListener/]: Preparing spawn area: 16%
[04May2026 01:29:13.202] [Server thread/INFO] [net.minecraft.server.level.progress.LoggerChunkProgressListener/]: Preparing spawn area: 33%
[04May2026 01:29:13.670] [Server thread/INFO] [net.minecraft.server.level.progress.LoggerChunkProgressListener/]: Time elapsed: 3177 ms
[04May2026 01:29:13.670] [Server thread/INFO] [net.minecraft.server.dedicated.DedicatedServer/]: Done (6.290s)! For help, type "help"
[04May2026 01:29:13.987] [Server thread/INFO] [net.minecraftforge.server.permission.PermissionAPI/]: Successfully initialized permission handler forge:default_handler
[04May2026 01:29:13.998] [Server thread/INFO] [puffish_skills/]: [puffish_skills] Mod configuration loaded successfully!
[04May2026 01:29:14.090] [Server thread/INFO] [puffish_skills/]: [puffish_skills] Data pack `sajons_upgrades` loaded successfully!
[04May2026 01:29:14.118] [Server thread/INFO] [puffish_skills/]: [puffish_skills] Data pack `skill_tree_for_pufferfishs_skills` loaded successfully!
[04May2026 01:29:14.118] [Server thread/INFO] [com.adamsmods.adamsarsplus.AdamsArsPlus/]: HELLO from server starting
[04May2026 01:29:14.120] [Server thread/INFO] [com.cupboard.Cupboard/]: Loaded config for: chunksending.json
[04May2026 01:29:14.186] [Server thread/INFO] [net.bettercombat.logic.WeaponRegistry/]: Encoded Weapon Attribute registry size: 63410 bytes (uncompressed), 3384 bytes (compressed), compression ratio: 94.7% (in 1 string chunks with the size of 10000)
[04May2026 01:29:14.199] [Server thread/INFO] [AllTheLeaks/]: Method invalidateAll at mixin dev.uncandango.alltheleaks.mixin.core.main.FakeLevelManagerMixin cancelled due to not matching hash: Actual -2034214357, Expected: [-1241170928]
[04May2026 01:29:14.199] [Server thread/INFO] [AllTheLeaks/]: Mixin annotation @Lcom/llamalad7/mixinextras/injector/wrapoperation/WrapOperation;(at={@Lorg/spongepowered/asm/mixin/injection/At;(args={}, value="INVOKE", target="Ljava/util/Map;values()Ljava/util/Collection;")}, method={}, slice={}) at mixin dev.uncandango.alltheleaks.mixin.core.main.FakeLevelManagerMixin removed due to no methods available
[04May2026 01:29:14.199] [Server thread/WARN] [mixinsquared-annotation-adjuster/]: Modified mixin "dev.uncandango.alltheleaks.mixin.core.main.FakeLevelManagerMixin". Check debug logs for more information.
[04May2026 01:29:14.546] [Server thread/INFO] [patchouli/]: Sending reload packet to clients
[04May2026 01:29:14.566] [Server thread/WARN] [ModernFix/]: Dedicated server took 65.245 seconds to load
[04May2026 01:31:16.269] [Server thread/INFO] [STDOUT/]: [earth.terrarium.botarium.common.energy.EnergyApi:finalizeItemRegistration:54]: Finalizing energy item registration
[04May2026 01:31:16.269] [Server thread/INFO] [STDOUT/]: [earth.terrarium.botarium.common.fluid.FluidApi:finalizeItemRegistration:55]: Finalizing fluid item registration
[04May2026 01:31:16.299] [Server thread/INFO] [net.minecraft.server.players.PlayerList/]: denercraft[/127.158.216.55:37201] logged in with entity id 101 at (2406.7955722588745, 53.0, 2489.9241927506127)
[04May2026 01:31:16.428] [Server thread/INFO] [ModernFix/]: Using enhanced recipe sync for player denercraft
[04May2026 01:31:16.481] [Server thread/INFO] [net.minecraft.server.MinecraftServer/]: denercraft joined the game
[04May2026 01:32:04.960] [Server thread/INFO] [net.minecraft.server.MinecraftServer/]: [denercraft: Gave 1 [Totem of Undying] to denercraft]
[04May2026 01:32:39.113] [Server thread/INFO] [net.minecraft.server.MinecraftServer/]: [denercraft: Gave 10 [Ender Pearl] to denercraft]
[04May2026 01:33:06.796] [Server thread/INFO] [net.minecraft.server.MinecraftServer/]: denercraft has made the advancement [Archmage Spell Book]
[04May2026 01:34:41.243] [Server thread/INFO] [net.minecraft.server.MinecraftServer/]: [denercraft: Gave 1 [Compass] to denercraft]
[04May2026 01:35:41.982] [Server thread/INFO] [net.minecraft.server.MinecraftServer/]: [denercraft: Gave 1 [Glyph of Explosion] to denercraft]
[04May2026 01:36:58.788] [Server thread/INFO] [net.minecraft.server.MinecraftServer/]: [denercraft: Gave 1 [Glyph of Arc Projectile] to denercraft]
[04May2026 01:39:14.792] [Server thread/INFO] [AllTheLeaks/]: Listing events...
[04May2026 01:39:14.792] [Server thread/INFO] [AllTheLeaks/]: Listing memory leaks so far...
[04May2026 01:39:14.794] [Server thread/INFO] [AllTheLeaks/]: Waiting to stabilize [8/10]
[04May2026 01:39:14.794] [Server thread/INFO] [AllTheLeaks/]: No memory leak detected!
[04May2026 01:41:46.989] [Server thread/INFO] [net.minecraft.server.MinecraftServer/]: [denercraft: Gave 1 [Glyph of Sensitive] to denercraft]
[04May2026 01:42:50.089] [Server thread/INFO] [net.minecraft.server.players.PlayerList/]: valencapo10[/127.16.231.33:49419] logged in with entity id 4105 at (2303.830555865229, 70.0, 2566.699999988079)
[04May2026 01:42:50.146] [Server thread/INFO] [ModernFix/]: Using enhanced recipe sync for player valencapo10
[04May2026 01:42:50.161] [Server thread/INFO] [net.minecraft.server.MinecraftServer/]: valencapo10 joined the game
[04May2026 01:46:28.668] [Server thread/INFO] [net.minecraft.server.players.PlayerList/]: PavoLoco[/127.218.176.19:55297] logged in with entity id 7094 at (2499.2225785155315, 102.0, 2599.8114407677454)
[04May2026 01:46:28.704] [Server thread/INFO] [ModernFix/]: Using enhanced recipe sync for player PavoLoco
[04May2026 01:46:28.727] [Server thread/INFO] [net.minecraft.server.MinecraftServer/]: PavoLoco joined the game
[04May2026 01:49:14.846] [Server thread/INFO] [AllTheLeaks/]: Listing events...
[04May2026 01:49:14.847] [Server thread/INFO] [AllTheLeaks/]: Listing memory leaks so far...
[04May2026 01:49:14.849] [Server thread/INFO] [AllTheLeaks/]: B: 1626MB / C: 1697MB / Diff: +71MB
[04May2026 01:49:14.849] [Server thread/INFO] [AllTheLeaks/]: No memory leak detected!
[04May2026 01:59:14.792] [Server thread/INFO] [AllTheLeaks/]: Listing events...
[04May2026 01:59:14.792] [Server thread/INFO] [AllTheLeaks/]: Listing memory leaks so far...
[04May2026 01:59:14.792] [Server thread/INFO] [AllTheLeaks/]: B: 1626MB / C: 1727MB / Diff: +101MB
[04May2026 01:59:14.792] [Server thread/INFO] [AllTheLeaks/]: Memory Leaks detected: (/atl force_refresh to update)
[04May2026 01:59:14.793] [Server thread/INFO] [AllTheLeaks/]: | ChunkAccess:
[04May2026 01:59:14.793] [Server thread/INFO] [AllTheLeaks/]: |- LevelChunk (minecraft): 83
[04May2026 02:01:42.192] [Server thread/WARN] [net.minecraft.server.level.ServerPlayerGameMode/]: Mismatch in destroy block pos: BlockPos{x=2499, y=102, z=2601} BlockPos{x=2499, y=101, z=2600}
[04May2026 02:01:42.342] [Server thread/WARN] [net.minecraft.server.level.ServerPlayerGameMode/]: Mismatch in destroy block pos: BlockPos{x=2500, y=102, z=2603} BlockPos{x=2499, y=101, z=2602}
[04May2026 02:01:42.390] [Server thread/WARN] [net.minecraft.server.level.ServerPlayerGameMode/]: Mismatch in destroy block pos: BlockPos{x=2500, y=102, z=2603} BlockPos{x=2499, y=101, z=2602}
[04May2026 02:01:42.438] [Server thread/WARN] [net.minecraft.server.level.ServerPlayerGameMode/]: Mismatch in destroy block pos: BlockPos{x=2500, y=102, z=2603} BlockPos{x=2499, y=101, z=2602}
[04May2026 02:01:42.591] [Server thread/WARN] [net.minecraft.server.level.ServerPlayerGameMode/]: Mismatch in destroy block pos: BlockPos{x=2500, y=102, z=2598} BlockPos{x=2500, y=101, z=2599}
[04May2026 02:01:42.645] [Server thread/WARN] [net.minecraft.server.level.ServerPlayerGameMode/]: Mismatch in destroy block pos: BlockPos{x=2500, y=102, z=2598} BlockPos{x=2500, y=101, z=2599}
[04May2026 02:01:42.692] [Server thread/WARN] [net.minecraft.server.level.ServerPlayerGameMode/]: Mismatch in destroy block pos: BlockPos{x=2500, y=102, z=2598} BlockPos{x=2500, y=101, z=2599}
[04May2026 02:02:01.707] [Server thread/INFO] [net.minecraft.server.MinecraftServer/]: PavoLoco hit the ground too hard
[04May2026 02:02:01.710] [Server thread/INFO] [gravestone/]: The death ID of player PavoLoco is eb5d00c3-344f-4a80-af20-2935506b2ccd
[04May2026 02:02:03.208] [Server thread/ERROR] [AllTheLeaks/]: Cannot have null removal reason on Clone event!
[04May2026 02:06:08.748] [Server thread/INFO] [net.minecraft.server.MinecraftServer/]: [PavoLoco: Set own game mode to Spectator Mode]
[04May2026 02:06:10.764] [Server thread/INFO] [net.minecraft.server.MinecraftServer/]: [PavoLoco: Set own game mode to Survival Mode]
[04May2026 02:09:01.512] [Server thread/INFO] [net.minecraft.server.MinecraftServer/]: [PavoLoco: Set own game mode to Spectator Mode]
[04May2026 02:09:02.735] [Server thread/INFO] [net.minecraft.server.MinecraftServer/]: [PavoLoco: Set own game mode to Survival Mode]
[04May2026 02:09:14.816] [Server thread/INFO] [AllTheLeaks/]: Listing events...
[04May2026 02:09:14.817] [Server thread/INFO] [AllTheLeaks/]: Server Player Clone: 1
[04May2026 02:09:14.817] [Server thread/INFO] [AllTheLeaks/]:   Invalid Cloned Players: 1
[04May2026 02:09:14.817] [Server thread/INFO] [AllTheLeaks/]: Listing memory leaks so far...
[04May2026 02:09:14.817] [Server thread/INFO] [AllTheLeaks/]: B: 1626MB / C: 1804MB / Diff: +178MB
[04May2026 02:09:14.817] [Server thread/INFO] [AllTheLeaks/]: Memory Leaks detected: (/atl force_refresh to update)
[04May2026 02:09:14.817] [Server thread/INFO] [AllTheLeaks/]: | ChunkAccess:
[04May2026 02:09:14.818] [Server thread/INFO] [AllTheLeaks/]: |- LevelChunk (minecraft): 83
[04May2026 02:09:14.818] [Server thread/INFO] [AllTheLeaks/]: | Player:
[04May2026 02:09:14.818] [Server thread/INFO] [AllTheLeaks/]: |- ServerPlayer (minecraft): 1
[04May2026 02:10:30.598] [Server thread/INFO] [net.minecraft.server.MinecraftServer/]: Unknown or incomplete command, see below for error
[04May2026 02:10:30.613] [Server thread/INFO] [net.minecraft.server.MinecraftServer/]: ffffffff<--[HERE]
[04May2026 02:12:51.388] [Server thread/INFO] [STDOUT/]: [com.adamsmods.adamsarsplus.entities.ai.MageCastingGoal:performCastAttack:100]: 20
[04May2026 02:12:54.684] [Server thread/INFO] [STDOUT/]: [com.adamsmods.adamsarsplus.entities.ai.MageCastingGoal:performCastAttack:100]: 20
[04May2026 02:13:03.481] [Server thread/INFO] [STDOUT/]: [com.adamsmods.adamsarsplus.entities.ai.MageCastingGoal:performCastAttack:100]: 20
[04May2026 02:13:21.482] [Server thread/INFO] [STDOUT/]: [com.adamsmods.adamsarsplus.entities.ai.MageCastingGoal:performCastAttack:100]: 20
[04May2026 02:13:25.083] [Server thread/INFO] [STDOUT/]: [com.adamsmods.adamsarsplus.entities.ai.MageCastingGoal:performCastAttack:100]: 20
[04May2026 02:13:25.352] [Server thread/INFO] [net.minecraft.world.entity.LivingEntity/]: Named entity MysteriousMageEntity['MistakeMaker'/25239, l='ServerLevel[world]', x=2306.74, y=70.00, z=2550.25] died: MistakeMaker was slain by denercraft
[04May2026 02:15:43.754] [Server thread/INFO] [net.minecraft.server.MinecraftServer/]: [PavoLoco: Set own game mode to Spectator Mode]
[04May2026 02:15:49.598] [Server thread/INFO] [net.minecraft.server.MinecraftServer/]: [PavoLoco: Set own game mode to Creative Mode]
[04May2026 02:15:55.779] [Server thread/INFO] [net.minecraft.server.MinecraftServer/]: [PavoLoco: Set own game mode to Spectator Mode]
[04May2026 02:16:08.229] [Server thread/INFO] [net.minecraft.server.MinecraftServer/]: [PavoLoco: Set own game mode to Creative Mode]
[04May2026 02:16:53.933] [Server thread/INFO] [net.minecraft.server.MinecraftServer/]: [PavoLoco: Set own game mode to Survival Mode]
[04May2026 02:17:03.005] [Server thread/WARN] [net.minecraft.server.MinecraftServer/]: Can't keep up! Is the server overloaded? Running 9033ms or 180 ticks behind
[04May2026 02:17:09.304] [Server thread/INFO] [net.minecraft.server.MinecraftServer/]: [PavoLoco: Set own game mode to Spectator Mode]
[04May2026 02:17:15.153] [Server thread/INFO] [net.minecraft.server.MinecraftServer/]: [PavoLoco: Set own game mode to Survival Mode]
[04May2026 02:17:55.531] [Server thread/INFO] [net.minecraft.server.MinecraftServer/]: [PavoLoco: Set own game mode to Spectator Mode]
[04May2026 02:18:23.399] [Server thread/INFO] [net.minecraft.server.MinecraftServer/]: [PavoLoco: Set own game mode to Survival Mode]
[04May2026 02:18:32.559] [Server thread/INFO] [net.minecraft.server.MinecraftServer/]: [PavoLoco: Set own game mode to Spectator Mode]
[04May2026 02:18:37.831] [Server thread/INFO] [net.minecraft.server.MinecraftServer/]: [PavoLoco: Set own game mode to Survival Mode]
[04May2026 02:19:10.530] [Server thread/INFO] [net.minecraft.server.MinecraftServer/]: [PavoLoco: Set own game mode to Creative Mode]
[04May2026 02:19:14.791] [Server thread/INFO] [net.minecraft.server.MinecraftServer/]: [PavoLoco: Set own game mode to Survival Mode]
[04May2026 02:19:23.789] [Server thread/INFO] [AllTheLeaks/]: Listing events...
[04May2026 02:19:23.789] [Server thread/INFO] [AllTheLeaks/]: Server Player Clone: 1
[04May2026 02:19:23.789] [Server thread/INFO] [AllTheLeaks/]:   Invalid Cloned Players: 1
[04May2026 02:19:23.789] [Server thread/INFO] [AllTheLeaks/]: Listing memory leaks so far...
[04May2026 02:19:23.790] [Server thread/INFO] [AllTheLeaks/]: B: 1626MB / C: 1822MB / Diff: +196MB
[04May2026 02:19:23.790] [Server thread/INFO] [AllTheLeaks/]: Memory Leaks detected: (/atl force_refresh to update)
[04May2026 02:19:23.790] [Server thread/INFO] [AllTheLeaks/]: | ChunkAccess:
[04May2026 02:19:23.790] [Server thread/INFO] [AllTheLeaks/]: |- LevelChunk (minecraft): 109
[04May2026 02:19:23.790] [Server thread/INFO] [AllTheLeaks/]: | Player:
[04May2026 02:19:23.790] [Server thread/INFO] [AllTheLeaks/]: |- ServerPlayer (minecraft): 1
[04May2026 02:26:30.623] [Server thread/INFO] [net.minecraft.server.MinecraftServer/]: PavoLoco has made the advancement [Wheels of Destruction]
[04May2026 02:29:23.829] [Server thread/INFO] [AllTheLeaks/]: Listing events...
[04May2026 02:29:23.830] [Server thread/INFO] [AllTheLeaks/]: Server Player Clone: 1
[04May2026 02:29:23.830] [Server thread/INFO] [AllTheLeaks/]:   Invalid Cloned Players: 1
[04May2026 02:29:23.831] [Server thread/INFO] [AllTheLeaks/]: Listing memory leaks so far...
[04May2026 02:29:23.831] [Server thread/INFO] [AllTheLeaks/]: B: 1626MB / C: 1847MB / Diff: +221MB
[04May2026 02:29:23.831] [Server thread/INFO] [AllTheLeaks/]: Memory Leaks detected: (/atl force_refresh to update)
[04May2026 02:29:23.831] [Server thread/INFO] [AllTheLeaks/]: | ChunkAccess:
[04May2026 02:29:23.831] [Server thread/INFO] [AllTheLeaks/]: |- LevelChunk (minecraft): 109
[04May2026 02:29:23.831] [Server thread/INFO] [AllTheLeaks/]: | Player:
[04May2026 02:29:23.832] [Server thread/INFO] [AllTheLeaks/]: |- ServerPlayer (minecraft): 1
[04May2026 02:39:23.936] [Server thread/INFO] [AllTheLeaks/]: Listing events...
[04May2026 02:39:23.937] [Server thread/INFO] [AllTheLeaks/]: Server Player Clone: 1
[04May2026 02:39:23.937] [Server thread/INFO] [AllTheLeaks/]:   Invalid Cloned Players: 1
[04May2026 02:39:23.937] [Server thread/INFO] [AllTheLeaks/]: Listing memory leaks so far...
[04May2026 02:39:23.937] [Server thread/INFO] [AllTheLeaks/]: B: 1626MB / C: 1893MB / Diff: +267MB
[04May2026 02:39:23.937] [Server thread/INFO] [AllTheLeaks/]: Memory Leaks detected: (/atl force_refresh to update)
[04May2026 02:39:23.937] [Server thread/INFO] [AllTheLeaks/]: | ChunkAccess:
[04May2026 02:39:23.937] [Server thread/INFO] [AllTheLeaks/]: |- LevelChunk (minecraft): 109
[04May2026 02:39:23.937] [Server thread/INFO] [AllTheLeaks/]: | Player:
[04May2026 02:39:23.937] [Server thread/INFO] [AllTheLeaks/]: |- ServerPlayer (minecraft): 1
[04May2026 02:47:27.306] [Server thread/INFO] [net.minecraft.world.entity.LivingEntity/]: Named entity MysteriousMageEntity['Takeoff'/44487, l='ServerLevel[world]', x=2454.18, y=87.00, z=2551.69] died: Takeoff was slain by valencapo10
[04May2026 02:49:23.940] [Server thread/INFO] [AllTheLeaks/]: Listing events...
[04May2026 02:49:23.940] [Server thread/INFO] [AllTheLeaks/]: Server Player Clone: 1
[04May2026 02:49:23.940] [Server thread/INFO] [AllTheLeaks/]:   Invalid Cloned Players: 1
[04May2026 02:49:23.941] [Server thread/INFO] [AllTheLeaks/]: Listing memory leaks so far...
[04May2026 02:49:23.941] [Server thread/INFO] [AllTheLeaks/]: B: 1626MB / C: 1884MB / Diff: +258MB
[04May2026 02:49:23.941] [Server thread/INFO] [AllTheLeaks/]: Memory Leaks detected: (/atl force_refresh to update)
[04May2026 02:49:23.941] [Server thread/INFO] [AllTheLeaks/]: | ChunkAccess:
[04May2026 02:49:23.941] [Server thread/INFO] [AllTheLeaks/]: |- LevelChunk (minecraft): 109
[04May2026 02:49:23.941] [Server thread/INFO] [AllTheLeaks/]: | Player:
[04May2026 02:49:23.941] [Server thread/INFO] [AllTheLeaks/]: |- ServerPlayer (minecraft): 1
[04May2026 02:59:23.980] [Server thread/INFO] [AllTheLeaks/]: Listing events...
[04May2026 02:59:23.980] [Server thread/INFO] [AllTheLeaks/]: Server Player Clone: 1
[04May2026 02:59:23.980] [Server thread/INFO] [AllTheLeaks/]:   Invalid Cloned Players: 1
[04May2026 02:59:23.981] [Server thread/INFO] [AllTheLeaks/]: Listing memory leaks so far...
[04May2026 02:59:23.981] [Server thread/INFO] [AllTheLeaks/]: B: 1626MB / C: 1887MB / Diff: +261MB
[04May2026 02:59:23.981] [Server thread/INFO] [AllTheLeaks/]: Memory Leaks detected: (/atl force_refresh to update)
[04May2026 02:59:23.981] [Server thread/INFO] [AllTheLeaks/]: | ChunkAccess:
[04May2026 02:59:23.981] [Server thread/INFO] [AllTheLeaks/]: |- LevelChunk (minecraft): 109
[04May2026 02:59:23.981] [Server thread/INFO] [AllTheLeaks/]: | Player:
[04May2026 02:59:23.982] [Server thread/INFO] [AllTheLeaks/]: |- ServerPlayer (minecraft): 1
[04May2026 03:02:14.494] [Server thread/INFO] [net.minecraft.server.network.ServerGamePacketListenerImpl/]: valencapo10 lost connection: Disconnected
[04May2026 03:02:14.495] [Server thread/INFO] [net.minecraft.server.MinecraftServer/]: valencapo10 left the game
[04May2026 03:04:32.629] [Server thread/INFO] [net.minecraft.server.MinecraftServer/]: PavoLoco was slain by Zombie
[04May2026 03:04:32.630] [Server thread/INFO] [gravestone/]: The death ID of player PavoLoco is 14fb22fb-5164-4293-a735-6cd401d66452
[04May2026 03:04:34.045] [Server thread/ERROR] [AllTheLeaks/]: Cannot have null removal reason on Clone event!
[04May2026 03:05:07.980] [Server thread/INFO] [STDOUT/]: [com.adamsmods.adamsarsplus.entities.ai.MageCastingGoal:performCastAttack:100]: 50
[04May2026 03:05:13.776] [Server thread/INFO] [STDOUT/]: [com.adamsmods.adamsarsplus.entities.ai.MageCastingGoal:performCastAttack:100]: 50
[04May2026 03:08:59.851] [Server thread/INFO] [net.minecraft.server.MinecraftServer/]: [denercraft: Set own game mode to Spectator Mode]
[04May2026 03:09:15.970] [Server thread/INFO] [net.minecraft.server.MinecraftServer/]: [PavoLoco: Set own game mode to Spectator Mode]
[04May2026 03:09:24.029] [Server thread/INFO] [AllTheLeaks/]: Listing events...
[04May2026 03:09:24.029] [Server thread/INFO] [AllTheLeaks/]: Server Player Clone: 2
[04May2026 03:09:24.029] [Server thread/INFO] [AllTheLeaks/]:   Invalid Cloned Players: 2
[04May2026 03:09:24.029] [Server thread/INFO] [AllTheLeaks/]: Server Player Logout: 1
[04May2026 03:09:24.029] [Server thread/INFO] [AllTheLeaks/]: Listing memory leaks so far...
[04May2026 03:09:24.029] [Server thread/INFO] [AllTheLeaks/]: B: 1626MB / C: 1897MB / Diff: +271MB
[04May2026 03:09:24.030] [Server thread/INFO] [AllTheLeaks/]: Memory Leaks detected: (/atl force_refresh to update)
[04May2026 03:09:24.030] [Server thread/INFO] [AllTheLeaks/]: | ChunkAccess:
[04May2026 03:09:24.030] [Server thread/INFO] [AllTheLeaks/]: |- LevelChunk (minecraft): 135
[04May2026 03:09:24.030] [Server thread/INFO] [AllTheLeaks/]: | Player:
[04May2026 03:09:24.030] [Server thread/INFO] [AllTheLeaks/]: |- ServerPlayer (minecraft): 3
[04May2026 03:09:24.309] [Server thread/INFO] [net.minecraft.server.MinecraftServer/]: [PavoLoco: Set own game mode to Survival Mode]
[04May2026 03:09:26.020] [Server thread/INFO] [net.minecraft.server.MinecraftServer/]: [PavoLoco: Set own game mode to Creative Mode]
[04May2026 03:09:47.681] [Server thread/INFO] [net.minecraft.server.MinecraftServer/]: [PavoLoco: Set own game mode to Spectator Mode]
[04May2026 03:09:54.513] [Server thread/INFO] [net.minecraft.server.MinecraftServer/]: [PavoLoco: Set own game mode to Creative Mode]
[04May2026 03:09:58.708] [Server thread/INFO] [net.minecraft.server.MinecraftServer/]: [PavoLoco: Set own game mode to Survival Mode]
[04May2026 03:10:01.429] [Server thread/INFO] [net.minecraft.server.MinecraftServer/]: [denercraft: Set own game mode to Survival Mode]
[04May2026 03:10:07.866] [Server thread/INFO] [net.minecraft.server.MinecraftServer/]: [denercraft: Set own game mode to Creative Mode]
[04May2026 03:10:44.188] [Server thread/INFO] [net.minecraft.server.MinecraftServer/]: [denercraft: Set own game mode to Spectator Mode]
[04May2026 03:10:57.371] [Server thread/INFO] [net.minecraft.server.MinecraftServer/]: [denercraft: Set own game mode to Creative Mode]
[04May2026 03:11:10.942] [Server thread/INFO] [net.minecraft.server.MinecraftServer/]: [denercraft: Set own game mode to Adventure Mode]
[04May2026 03:11:15.059] [Server thread/INFO] [net.minecraft.server.MinecraftServer/]: [PavoLoco: Set own game mode to Creative Mode]
[04May2026 03:12:17.686] [Server thread/INFO] [net.minecraft.server.MinecraftServer/]: [denercraft: Set own game mode to Survival Mode]
[04May2026 03:16:28.260] [Server thread/INFO] [com.simibubi.create.Create/]: RecipeTrie of depth 4 with 494 nodes built with 582 variants, 484 ingredients, and 546 recipes
[04May2026 03:19:24.086] [Server thread/INFO] [AllTheLeaks/]: Listing events...
[04May2026 03:19:24.087] [Server thread/INFO] [AllTheLeaks/]: Server Player Clone: 2
[04May2026 03:19:24.087] [Server thread/INFO] [AllTheLeaks/]:   Invalid Cloned Players: 2
[04May2026 03:19:24.087] [Server thread/INFO] [AllTheLeaks/]: Server Player Logout: 1
[04May2026 03:19:24.087] [Server thread/INFO] [AllTheLeaks/]: Listing memory leaks so far...
[04May2026 03:19:24.087] [Server thread/INFO] [AllTheLeaks/]: B: 1626MB / C: 1908MB / Diff: +282MB
[04May2026 03:19:24.087] [Server thread/INFO] [AllTheLeaks/]: Memory Leaks detected: (/atl force_refresh to update)
[04May2026 03:19:24.087] [Server thread/INFO] [AllTheLeaks/]: | ChunkAccess:
[04May2026 03:19:24.087] [Server thread/INFO] [AllTheLeaks/]: |- LevelChunk (minecraft): 135
[04May2026 03:19:24.087] [Server thread/INFO] [AllTheLeaks/]: | Player:
[04May2026 03:19:24.087] [Server thread/INFO] [AllTheLeaks/]: |- ServerPlayer (minecraft): 3
[04May2026 03:22:08.630] [Server thread/INFO] [net.minecraft.server.MinecraftServer/]: [PavoLoco: Set the weather to clear]
[04May2026 03:23:42.252] [Server thread/INFO] [net.minecraft.server.MinecraftServer/]: [denercraft: Set own game mode to Creative Mode]
[04May2026 03:24:34.937] [Server thread/INFO] [net.minecraft.server.MinecraftServer/]: [denercraft: Set own game mode to Survival Mode]
[04May2026 03:26:20.752] [Server thread/INFO] [net.minecraft.server.MinecraftServer/]: [denercraft: Set own game mode to Creative Mode]
[04May2026 03:26:45.730] [Server thread/INFO] [net.minecraft.server.MinecraftServer/]: [denercraft: Set own game mode to Survival Mode]
[04May2026 03:27:56.832] [Server thread/INFO] [net.minecraft.server.MinecraftServer/]: [denercraft: Set own game mode to Creative Mode]
[04May2026 03:28:12.405] [Server thread/INFO] [net.minecraft.server.MinecraftServer/]: [denercraft: Set own game mode to Survival Mode]
[04May2026 03:29:24.129] [Server thread/INFO] [AllTheLeaks/]: Listing events...
[04May2026 03:29:24.130] [Server thread/INFO] [AllTheLeaks/]: Server Player Clone: 2
[04May2026 03:29:24.130] [Server thread/INFO] [AllTheLeaks/]:   Invalid Cloned Players: 2
[04May2026 03:29:24.130] [Server thread/INFO] [AllTheLeaks/]: Server Player Logout: 1
[04May2026 03:29:24.130] [Server thread/INFO] [AllTheLeaks/]: Listing memory leaks so far...
[04May2026 03:29:24.130] [Server thread/INFO] [AllTheLeaks/]: B: 1626MB / C: 1917MB / Diff: +291MB
[04May2026 03:29:24.130] [Server thread/INFO] [AllTheLeaks/]: Memory Leaks detected: (/atl force_refresh to update)
[04May2026 03:29:24.130] [Server thread/INFO] [AllTheLeaks/]: | ChunkAccess:
[04May2026 03:29:24.130] [Server thread/INFO] [AllTheLeaks/]: |- LevelChunk (minecraft): 135
[04May2026 03:29:24.130] [Server thread/INFO] [AllTheLeaks/]: | Player:
[04May2026 03:29:24.131] [Server thread/INFO] [AllTheLeaks/]: |- ServerPlayer (minecraft): 3
[04May2026 03:30:12.079] [Server thread/INFO] [net.minecraft.server.MinecraftServer/]: [denercraft: Set own game mode to Creative Mode]
[04May2026 03:31:34.897] [Server thread/INFO] [net.minecraft.server.MinecraftServer/]: [denercraft: Set own game mode to Survival Mode]
[04May2026 03:33:57.751] [Server thread/INFO] [net.minecraft.server.MinecraftServer/]: [denercraft: Set own game mode to Creative Mode]
[04May2026 03:36:16.420] [Server thread/INFO] [net.minecraft.server.MinecraftServer/]: [denercraft: Set own game mode to Survival Mode]
[04May2026 03:37:08.863] [Server thread/INFO] [net.minecraft.server.MinecraftServer/]: [denercraft: Set own game mode to Creative Mode]
[04May2026 03:37:31.546] [Server thread/INFO] [net.minecraft.server.MinecraftServer/]: [denercraft: Set own game mode to Survival Mode]
[04May2026 03:39:04.427] [Server thread/INFO] [STDOUT/]: [com.adamsmods.adamsarsplus.entities.ai.MageCastingGoal:performCastAttack:100]: 20
[04May2026 03:39:24.199] [Server thread/INFO] [AllTheLeaks/]: Listing events...
[04May2026 03:39:24.200] [Server thread/INFO] [AllTheLeaks/]: Server Player Clone: 2
[04May2026 03:39:24.200] [Server thread/INFO] [AllTheLeaks/]:   Invalid Cloned Players: 2
[04May2026 03:39:24.200] [Server thread/INFO] [AllTheLeaks/]: Server Player Logout: 1
[04May2026 03:39:24.200] [Server thread/INFO] [AllTheLeaks/]: Listing memory leaks so far...
[04May2026 03:39:24.200] [Server thread/INFO] [AllTheLeaks/]: B: 1626MB / C: 1924MB / Diff: +298MB
[04May2026 03:39:24.200] [Server thread/INFO] [AllTheLeaks/]: Memory Leaks detected: (/atl force_refresh to update)
[04May2026 03:39:24.200] [Server thread/INFO] [AllTheLeaks/]: | ChunkAccess:
[04May2026 03:39:24.204] [Server thread/INFO] [AllTheLeaks/]: |- LevelChunk (minecraft): 135
[04May2026 03:39:24.204] [Server thread/INFO] [AllTheLeaks/]: | Player:
[04May2026 03:39:24.204] [Server thread/INFO] [AllTheLeaks/]: |- ServerPlayer (minecraft): 3
[04May2026 03:39:28.527] [Server thread/INFO] [STDOUT/]: [com.adamsmods.adamsarsplus.entities.ai.MageCastingGoal:performCastAttack:100]: 20
[04May2026 03:39:35.327] [Server thread/INFO] [STDOUT/]: [com.adamsmods.adamsarsplus.entities.ai.MageCastingGoal:performCastAttack:100]: 20
[04May2026 03:39:42.927] [Server thread/INFO] [STDOUT/]: [com.adamsmods.adamsarsplus.entities.ai.MageCastingGoal:performCastAttack:100]: 20
[04May2026 03:39:49.833] [Server thread/INFO] [STDOUT/]: [com.adamsmods.adamsarsplus.entities.ai.MageCastingGoal:performCastAttack:100]: 20
[04May2026 03:39:57.227] [Server thread/INFO] [STDOUT/]: [com.adamsmods.adamsarsplus.entities.ai.MageCastingGoal:performCastAttack:100]: 20
[04May2026 03:40:00.627] [Server thread/INFO] [STDOUT/]: [com.adamsmods.adamsarsplus.entities.ai.MageCastingGoal:performCastAttack:100]: 20
[04May2026 03:40:03.827] [Server thread/INFO] [STDOUT/]: [com.adamsmods.adamsarsplus.entities.ai.MageCastingGoal:performCastAttack:100]: 20
[04May2026 03:40:06.727] [Server thread/INFO] [STDOUT/]: [com.adamsmods.adamsarsplus.entities.ai.MageCastingGoal:performCastAttack:100]: 20
[04May2026 03:40:10.527] [Server thread/INFO] [STDOUT/]: [com.adamsmods.adamsarsplus.entities.ai.MageCastingGoal:performCastAttack:100]: 20
[04May2026 03:40:14.027] [Server thread/INFO] [STDOUT/]: [com.adamsmods.adamsarsplus.entities.ai.MageCastingGoal:performCastAttack:100]: 20
[04May2026 03:40:16.387] [Server thread/INFO] [net.minecraft.world.entity.LivingEntity/]: Named entity MysteriousMageEntity['Abjuration Mage'/68498, l='ServerLevel[world]', x=2476.54, y=132.28, z=2629.03] died: Abjuration Mage was slain by denercraft
[04May2026 03:41:54.733] [Server thread/INFO] [net.minecraft.server.MinecraftServer/]: [denercraft: Set own game mode to Creative Mode]
[04May2026 03:42:06.012] [Server thread/INFO] [net.minecraft.server.MinecraftServer/]: [denercraft: Set own game mode to Survival Mode]
[04May2026 03:42:58.782] [Server thread/INFO] [net.minecraft.server.MinecraftServer/]: [PavoLoco: Set the time to 1000]
[04May2026 03:43:57.321] [Server thread/INFO] [net.minecraft.server.MinecraftServer/]: [denercraft: Set own game mode to Creative Mode]
[04May2026 03:47:08.672] [Server thread/INFO] [net.minecraft.server.players.PlayerList/]: valencapo10[/127.16.231.33:36973] logged in with entity id 72750 at (2494.699999988079, 101.0, 2592.300000011921)
[04May2026 03:47:08.713] [Server thread/INFO] [ModernFix/]: Using enhanced recipe sync for player valencapo10
[04May2026 03:47:08.716] [Server thread/INFO] [net.minecraft.server.MinecraftServer/]: valencapo10 joined the game
[04May2026 03:49:24.230] [Server thread/INFO] [AllTheLeaks/]: Listing events...
[04May2026 03:49:24.230] [Server thread/INFO] [AllTheLeaks/]: Server Player Clone: 2
[04May2026 03:49:24.231] [Server thread/INFO] [AllTheLeaks/]:   Invalid Cloned Players: 2
[04May2026 03:49:24.231] [Server thread/INFO] [AllTheLeaks/]: Server Player Logout: 1
[04May2026 03:49:24.231] [Server thread/INFO] [AllTheLeaks/]: Listing memory leaks so far...
[04May2026 03:49:24.231] [Server thread/INFO] [AllTheLeaks/]: B: 1626MB / C: 1943MB / Diff: +317MB
[04May2026 03:49:24.231] [Server thread/INFO] [AllTheLeaks/]: Memory Leaks detected: (/atl force_refresh to update)
[04May2026 03:49:24.231] [Server thread/INFO] [AllTheLeaks/]: | ChunkAccess:
[04May2026 03:49:24.231] [Server thread/INFO] [AllTheLeaks/]: |- LevelChunk (minecraft): 135
[04May2026 03:49:24.231] [Server thread/INFO] [AllTheLeaks/]: | Player:
[04May2026 03:49:24.231] [Server thread/INFO] [AllTheLeaks/]: |- ServerPlayer (minecraft): 3
